host_id,host_name,host_listing_count
2613,Rebecca,4
504470,Mark,4
683529,Joe,90
17928,Sarah,4
899757,Meighan,4
1019125,Jb,12
9297431,Inn At Wrigleyville,24
33004,At Home Inn,34
46734,Sharon And Robert,3
1224828,Tippi,7
1311953,Ronald,4
1358243,June,8
9483312,Ryan,8
9601147,Chester,3
1387948,Dominic,4
9471604,James,4
1376077,Killian,4
1500490,Hailey,3
9959757,Jedidiah,31
1505878,Bob,8
101521,Red,14
1746524,Patricia,4
1517871,Jon,5
845242,Mi Casa Su Casa Vacations,4
4995578,George,4
3965428,Rob,294
5166793,Carrie & Brad,8
1876597,The Adventurers,8
1838943,Sunnie/Randolph,4
1844352,Christine,3
10917550,Nicky,27
2204693,Dl,4
2308792,Jonathan,4
1559157,Amanda,12
1385332,Patt,67
7391164,Wrigley Hostel,20
2400107,Allison,2
2501182,Nate,4
11848299,Anton,8
2273840,Sarah,4
5228189,Matthew,90
2880338,Elizabeth,8
7000138,Brock & Kim,2
27506,Lauri,4
12059561,Rick,2
2885441,Tracy,12
162364,Mat And Randy,8
6169870,Bora,3
12681444,Jenny,4
334241,Michael And Veronica,8
2915265,Felice,8
2768314,Jason,9
7858620,Cynthia,4
3200044,James,4
2850286,Amado,4
2824576,Jeff,8
5654677,Urban Art,16
3382417,Heather,29
3574415,Marv,8
2376962,Samuel,5
16864162,Brittany,4
2658212,James,13
13339125,Greg,2
5016495,Erika,5
62150,Anne,6
21178487,Fatimah,4
13783917,Nora,8
3867687,Janet,4
3920450,Vas,16
2907254,Joe,62
4525503,Nejla Yatkin And Enki,4
13793246,Kristi,4
18649856,Rachel,4
4019426,Colleen,4
5007980,Lynn,4
2441500,Lisa,4
5015135,Samantha,4
13975150,Janine,8
2698691,LeeO'[Nardo],10
6874747,Brian,4
5148353,Steven,4
8852597,Hector,16
5076708,Lois And Eduardo,16
13389580,Ed,8
8813383,Mindy + Tony,12
21872907,Tamiz,4
3843347,Andrea,12
14692157,Ross,8
6264764,Jeff And Jennifer,4
19809145,Michael,2
11231030,Erik,8
15442332,Karen Sophie,4
6023157,Nataliya,4
1368870,Paul,4
21937279,Claudia,4
2899484,Jason,8
7780304,Mark And Collette,4
209564,Ami,23
5863711,Masha,4
1254363,Mark,3
7089017,Sharon,4
946954,Jeff,4
16090300,John,40
2676165,Richard,4
3069675,Gabrielle,3
21924626,Nathan,8
7528098,Eileen,4
7622794,Leah,4
5960265,Courtney And Garrett,8
16707041,Matthew,8
16807770,William,4
517499,Derek,5
22022871,Jill,4
9995028,Chad,4
17217012,Janet,4
6088938,Eric,8
8186262,April,8
17405364,Jennifer,10
2810938,Carole,12
3621097,Marcus,6
8489460,Holly + Mark,4
151658,Anne,2
8595700,Carin,4
8619275,Leszek,4
8463536,Maximiliano,2
11294056,Amanda,4
12955486,Luke & Ligia,12
4010906,Bobbie,10
531832,Evan,4
837429,Petru,4
8607123,Grainne,6
18742622,Barbara,8
241738,Karen,2
12831311,Sukh,4
14015437,Andrew &  Diane,4
9249272,Mark,4
19416379,Glenda,4
10691960,Kayla,3
19471032,Alberto,4
689354,Seung-Won Stella,4
3771351,Dorie,4
22810362,Anne,4
24705990,Rick,44
20130521,Kevin,4
1096941,Angela,4
31673,Cathy,4
20374823,Nick,4
20490917,Robert,7
20528154,Gabriela,4
20624213,Karen,4
20624315,Molly,4
31669178,Donna,36
4267791,Levar,4
1416817,Scott,10
21009309,Joshua,8
23128169,Jeanne,4
2233990,Jenn,2
12365760,Greg,4
32336500,Daniel,8
2153,Linda,27
16831551,Jocelyn,2
20449664,John,14
38088944,Amanda,4
20059524,(Email hidden by Airbnb),4
38186342,Carmen & John,4
686562,Patricia,4
33154489,Sara,4
6700231,Petra,4
2169532,Adam,4
33221491,Mary,4
33245101,Rosa,8
33352393,Andrew,4
38553561,Drea,9
25759643,Tim,12
7430573,Melissa,4
33491859,Chelsea And Jim,2
23803571,Tomasso,2
26957265,Beth,12
5050949,Abigail,4
1649647,Bianca,20
5640784,Dean,8
3870091,Kareeshma,4
1563534,Lizzie,4
39290149,Vanessa & Charlie,4
6427776,Thanh,4
39699805,Mark,8
8759336,Patrice,4
33813743,Zandra,8
28172807,Sadie Rose And Patrick,4
39707371,Judy,8
33870996,Yvonne,12
24047255,Yana,4
4591141,Moudi,9
1089952,Beth,4
4336170,Catrina,4
24124115,Syed,4
172402450,Lora,13
2308296,Monica,5
25320970,Kimberly,7
24244938,Carl,3
35342456,Roberto,73
2892101,Justine,8
2392656,Brett,8
4163320,Meka,4
40319547,Josh,32
40401910,Scott,4
27077065,Anthony,4
34396037,Kristy,4
30286559,Marco,2
5212119,Mark,4
11581930,Beatrice,4
34473759,Kerry,8
36300208,Maria,16
26164763,Nicole And Steve,4
6341314,Pillowhead,20
31719241,Susan,2
25505766,Danielle,10
35015726,Michelle,4
40958585,Dorian,4
35241159,Oliver,7
24640929,Dedric,2
40425145,Grace,12
24671850,Kelly,4
24676863,William,11
24267774,Barbara,4
22090229,Darrian,1
32200299,Nate,16
23791359,Prema,2
41634086,Carlton,4
41690970,Hana,12
34217631,Kenneth,4
871911,Mo  &  Ganna,24
16627391,Aaron,4
24341986,Ewa,8
35411575,David,8
597871,Matt,4
35506107,Eileen,4
34317953,Carrie,5
42247480,Algenoy,4
8945919,John,4
42518018,M J,16
32717482,Jason,4
42640238,Michelle,2
21922655,Angelica,12
42764965,Terrence,12
42133332,Marcus,4
250400,Dan,32
23197213,Doral,8
17251828,Kaushal,7
43297766,Lindsay,7
25368785,Ellen,4
7748106,Sharon,4
25668821,Kam,54
10350152,Tony,8
36140345,Melissa,8
22608682,Ryan,44
28366015,Ted,1
10209853,Tatiana & Roupen,8
10613587,Saurin,17
43954984,Jennifer,4
36549783,Jeffrey,46
33605887,Ewa,8
22550008,Alex & Annie,4
15013308,Christina,4
42378235,Omodesola,8
29716517,Ronaldo And Carla,8
36865855,Javier,2
1407749,Vladimir,4
44936005,Gianna,4
33980307,Erika,4
13228002,Martha,4
27646739,Briana,4
45172634,Justin,4
26819996,Jon,4
45333620,Rob,4
34959956,Trevor,4
192514716,Juan,4
26874445,Sebastien,8
9339313,Leon,38
45686045,Sannette,4
43282155,Kenneth,4
22933751,Shaun,4
28183266,Allyson,4
36541232,G,6
5325851,Josh,16
27074701,Charissa,4
22247395,Kevin,4
871241,Charles,4
22215535,Matt,12
46121173,Steven,4
47260765,Josue,4
47344742,Lois,4
47493046,Nina,4
4809843,Jessica & Nathan,4
47584620,Nicole,4
33782243,Jeff & Lisa,4
41503184,Cote,12
48532390,Chantell,4
3856180,Anne,4
9499059,Bennett,13
46235072,Irv & Shelly,8
483146,Sharmin,8
40550713,Yonan,4
4384965,Tom,28
49626033,Roma,130
2325848,Jason,4
49632406,Jeannette,3
7723412,Jenny,6
42437004,Rebecca & Armando,8
49816545,Suzanne,12
46642202,Jesse,4
8244522,GuruNischan,4
37062867,Cathern,4
49837776,Patrick,4
337164,Maricela,8
47035703,Edwin,12
316294,Harris,4
14585449,Kelly,4
11520899,Barbara,4
4698713,Mark Y Toñi,4
47567772,Kamdyn,26
50365989,Mary Joan,4
28022926,Bryan,4
60246917,Pam,4
56733195,Brian,4
136407355,Elsie,8
17719434,Alex,4
24077771,Nate,3
28715964,David,8
60782524,Laimis,4
50604047,Carla,4
50949826,JayTee,4
18714715,Aiste,36
12549865,Holly,3
19518653,Can,4
1482951,Daniel And Tes,8
22173890,Maureen,4
51668477,Michael,31
11910936,Karen,48
13195824,Amy,4
62162690,Ruben,4
957004,Julie,4
40152265,Amy & John,4
58773353,Guadalupe,4
679698,Erin,4
13893889,Meghan And Mike,8
51990742,Michelle,4
63490400,Allende,4
7160641,Eric,4
52551302,Christiana,4
1032337,Thomas,4
52873868,Joe,4
34130188,Damoon,4
13776575,Cory,2
63912106,Bozena,9
4491318,Marie,8
63967447,Alicia,5
64320133,Wes,4
2496361,Matt,4
55199486,Furnished Rental,44
8032665,Scott And Mindy,8
64846717,Alexander,4
20665511,Skye,4
5028703,Paige,4
21145959,James,2
53764428,Kristin,4
54213500,Martin,4
45979461,William,6
44130760,Julie,4
12683531,Ben,4
27909973,Shkelzen,3
60390549,Zhi,24
42071010,Jenny,8
55728526,Marcus,10
3620012,Rajee,4
12877384,Tanya,6
56274815,Mosmi,4
36722941,Dan,4
35913194,Wesley,4
5961606,David,4
37168823,Adrienne,4
5214172,Matthew,8
18607361,Frank (And Meridith),4
56925978,Marcie,4
30356781,Greg,4
57063930,Steve,4
22588707,Brandon,4
28811949,Seth & Mike,4
66546874,Adrienne,4
27645814,Emma,4
31618255,Lauren,4
57893727,Bill & Kathy,8
66219209,Bindi,4
11710780,Robert,8
10575084,Pete,4
1410585,Aina,4
44254941,Jean,4
8028727,Jorge,4
5855398,Marlene,3
148219704,Richard,4
50732175,Jen,4
30507677,Dorene,4
57033860,Noelle,8
618546,Jamie,8
7312291,Catherine,4
54202421,Tripp & Todd,4
32960567,Chris,8
68089316,Susan,4
14650054,Kevin,4
23503681,Francesca,5
51964855,Nicole,4
25132774,Kristina,2
31050127,Siddharth,8
72457998,Jon,4
2439224,Peter,4
68923281,Horatio,4
6325338,Lesley,4
73361372,Igors,8
10100685,Upscale Accommodations,5
69130426,Charla,8
30836055,Ying,4
70042764,Tara,4
49579612,Daniel,4
60405794,Kyle,4
7304123,Aaron,4
67664674,Kim,4
4069585,Liz,19
63226994,Richard,4
31218043,Ion,4
31719116,Christopher,4
42163600,Nicole,2
2407409,Erikka,12
12360851,Connor,4
43446278,Amber,4
61868239,Michael,4
4769189,Delphine,4
48048331,John,4
75959513,Mark,4
71878654,Cherilyn,4
32970178,Joanne,4
19704341,Shayna,1
30990608,Paul,4
5649246,Imran,4
14241347,Ensavi,24
46109921,Anne,4
588905,Scott,4
67390878,Alex,4
50072271,Catalin,4
71205935,Gary,6
20528482,Gavin,4
37615606,Joe,4
48082237,Kate & Rick,4
1597671,Naomi And JJ,12
27930759,Kris,3
71816766,Josh,18
42645017,John,4
35412645,Aughty,16
27659902,Iryna,4
22629423,Art,4
77972775,Doug,7
12840063,Kristy,3
5080189,Dylan,4
90128865,Marty & Rob,12
25715675,Joyce,19
19645168,Brandon,60
89435479,Jane,4
85455802,Lou,4
3486589,Kathy,4
26031445,Monti,4
25553049,Emily,8
40698494,Timothy,3
61228,Aisha,6
61402703,Cameron,4
4409207,Ali,4
24286663,Gennie,4
101991992,Ron,4
9094538,Nicole,51
68529496,Diana,4
77545186,Anthony,4
46939427,Anthony,27
41159690,Claus,4
11354458,Ashish,4
2456789,Mary,20
76133827,Anny,24
81125437,Julie,4
55020055,Russ,4
81884236,Dany,8
11257311,Olivia And Tom,4
103220942,Perry,4
57387860,Freehand,92
1214607,Coral,1
71660256,Jeremy,4
50868046,Faith,4
41261231,Emily,4
65964129,Axel,3
97706065,Wesley,4
12973246,Darryl,4
1559709,Amanda,4
45401863,Joe,4
47936109,Bridget,4
103847672,John,4
90644159,Jean,15
28462890,Curtis,4
20914599,Tony,4
51946578,Roberto,16
84374485,Gina,4
14045362,Anna,4
29344264,Lilly,4
422173275,Morgan,4
104526288,Myrtle,8
24376952,Sarah,4
9868109,Sarav Paul,8
52855427,Aaron,4
24462349,Nathan,4
144018050,Alvaro,4
21727461,Naomi,2
101289163,Safa,8
25493351,Matthew,4
105875171,Zhe,4
256976840,Joseph,8
84493416,Jillian,4
51277433,Kanan,14
5294649,Emily,4
11036600,Mari,39
24337590,Obinna,12
41767444,Mar & De,16
10781206,Heidi,4
459291,Silvia,8
24129606,Leo & Alex,12
36128270,Juanita,22
91569484,Gary,4
27232871,Fabio,6
11165349,Alexis,4
1652379,Charlie,8
22038915,Stephen,4
5402236,Casey,8
20810730,Mary,4
9430907,Anthony,4
74207440,Daniel,4
26201109,Simida,8
45237292,John,4
42137041,Justin,4
67653393,Dan,16
50492515,Anita,5
44041158,Bill,8
74191666,Lisa,3
104441541,Lucien,8
2498168,Prema,3
556389,Cheryl,4
3269423,Gregory,4
48388991,La,4
75290037,Samantha,3
77183388,Al & Mary,11
20653807,Jericho,4
45316706,Katelyn,4
110271788,Paula,8
30561059,Brendan,8
26790353,Jill K,5
88800453,Beatrice & Stefan,4
93114656,Jennifer,2
37607540,Kristine,8
77305684,Miranda,4
32137398,Gaby,4
10347686,Tricia,4
1187822,Mark,4
60552183,David And Andrea,4
86183324,Cristina,4
118232209,Eric And Beth,4
319470,Suzanne,4
118261177,Ben & Carly,4
65299403,Rod,8
22573057,Todd,8
11162469,Rose,2
113922654,Alan,4
2455602,Gildas,4
24286383,Lisa,4
119863033,Jeanette,8
17052211,Yolie,4
99537072,Patrick,4
11185160,Suzanne,2
85963355,Bo,4
14205967,Whit,4
108250312,Andres,4
114672515,Adam,3
17055607,Cathy,4
31101209,Michelle  & Brendan,4
121370113,Chris,4
5957981,Sabiha,4
15321714,Mỹ-Phương,4
17845905,Wade,4
27506618,Stephanie,4
122545577,Paul,4
24388042,DeLuxe,51
13545252,Sharon,4
24998094,Kelsey,4
115500530,Frank,4
858576,Matthew,4
2630113,Nikkole,20
46771116,Vladimir,15
55692255,Elizabeth,4
6852314,Jen & Andy,4
969882,Lindsay,4
64559913,Wynter,4
59136604,Christine,6
122884640,Devin,4
14865066,William,12
139926,Ryan&Rachel,3
63313003,K,54
1139947,Yas,2
80492291,Tara,4
120233125,Navin,4
1812643,Dior,4
94867877,Maia Lis,4
95140453,Mark & Marcelo,4
44427387,Gleatha,7
124330080,Joseph,4
15417673,Caroline,7
117498144,Dasha & Owen,20
33127842,Kari,66
8094939,Alex,16
62850223,J Natividad,4
9124299,Eric,4
8367850,David & Bruce,4
45990058,Erica,4
21686213,Laura,4
27548128,Dina,4
110985389,Josh,4
27222261,Amy,4
92534777,Ria,8
132698758,Gloria,4
5103368,Makeda,4
41010512,Carolyn,2
30589635,Geeta,4
133758803,Juan,4
126786925,Anthony,4
68280856,Dani,4
50073630,Timothy,4
132851466,Joey,11
93218543,Stephanie,4
54727125,Matt,4
51628877,John,4
11528430,Kristina,4
94706541,Polina,8
134169199,Jesse,3
73228641,Martha,4
134535929,Reyna,4
134723134,Linda,4
52879705,Jackie,4
116285731,Erin,4
127757327,Brian,4
7863642,Migdalia,2
134707455,Jane,4
96093069,Sujata,8
1264800,Natalia,4
17888170,MiLo And Chandra,28
40226382,Catherine,4
135055128,Forrest/Laura,4
39282165,Kim,4
41381016,Tali,4
19061917,Anne,4
5403537,Dustin,4
88177772,India,4
126783761,Bethany,2
67665258,Corey,4
47523544,Omar,4
22632675,Mary And Don,3
136186496,Jim,9
12728248,Judy,12
136277179,Jesus,12
880003,Floyd,4
91186260,Jessie,27
36665630,Stephanie,2
12585577,David,4
96350945,Patrick,4
56917234,Lara,4
136739384,Suzanne,8
14729644,Elinor,4
2069798,Afsha,24
39111123,Devon,4
137194485,Kay,2
2918510,Monica,4
118125798,Jermaill,4
96064608,Matt,8
86913754,Stephen,4
96809854,Ute,4
28354664,Benjamin,4
137833984,Madeline,4
135238399,Christina,4
125840045,Viviana,4
10393547,Claire,4
127235673,Alex,34
129580849,Dennis,2
1815826,Hunter,4
139094281,Lynne,12
138900678,Lennon,4
6868651,Jason,4
129809208,Junni,18
32835578,Luis Daniel,6
56104711,Amy,4
8179314,Max,4
111302591,Jay,5
22411493,Tim,4
131335007,Matthew,4
131366873,Robert,8
19578992,Laura,9
67788755,Kris,4
122444924,Jamie,4
29420835,Be,4
139765116,Jose,24
20073392,Frankie,8
11645672,Kelly,4
86296658,David,4
20538405,Baila,5
140263872,Jennifer,4
140298294,Rohan,4
122342855,April,4
143937691,Caryl,24
43509707,Patricia J,4
30358855,Steffi,4
91375620,Marcia,4
17843517,Erik,4
48027087,Jacqueline,8
62457364,Kate,4
134446004,Ibi,8
3919236,Isaac,1
72214694,Carolynn,4
140919483,Mimi & Paul,4
19575009,Yaniv,4
3112582,Lynn,4
50234199,Ann,4
141373153,Lin,4
2021885,Jason,4
129049667,Carmen,4
54865295,Rob,8
126427813,Emery,4
23466594,Ana,4
141511846,Naseer,4
40281169,Kate,8
147093889,Sophia,4
374295,Margaret,4
141601907,Emil,4
12090996,Jonathan,6
24203102,Colin,4
54646953,Ben,4
51695662,Stephanie,4
38111959,Joanna (Dba Blue Sky Home Rentals),4
102259745,Mar,4
11949514,Onelia,4
131691866,Cesar,4
8480922,Samuel,16
87829262,Arlete,3
70926675,Bob,4
5363019,Jessica,8
137501409,Giovannie,6
3573488,Kristina,4
10514167,Mona,4
5164564,Michelle,4
55699305,Maria Camila,6
38481821,William,7
109145304,Shelby + Bob,4
648385,Jaime And Michael,4
19800170,Deidre E S.O.,4
99925981,Cilmar,3
146333051,Lloyd,4
146342995,Sue,4
68127227,Rocio,4
85364675,Steve,4
11162257,Lisa,4
37228627,Abby,4
5121232,Lawrence,4
45828803,Heather + JP,8
64513360,Paul,4
15286674,Emmy,4
78695107,Kathy,4
24736657,Richard,4
15856079,Kyle,4
20823027,Rich,2
42982894,Robert,4
68756440,Milly And Will,4
147218562,RAL Properties,8
5140484,Mike,5
980036,Carolyn,4
26928601,Idaima,4
16667217,Erin,4
147654278,Lara,4
7420910,Janet,4
87730556,Michael,4
66345203,Renee,4
98079932,Claudia,8
22690738,Kristin,4
1257936,Paul,8
5468317,Brian,27
11742953,Michelle,4
100072753,Steve,4
72758399,John,4
45239294,Cherie,12
4169153,Bryan,4
120463181,Bobby,2
23754311,Elisabeth,8
66619585,Liz And Martin,4
127574066,Kit & Jo,3
33652058,Ryan,4
3485902,Maghen,4
149092372,Abel And Flor,4
21482470,Andrea,3
149317569,Tony,8
32352014,Arlene,4
30003626,Maggie & Steve,4
154618406,Melissa,4
55035816,Kimberly,4
154630260,Ody,10
113562870,Amy,4
3291424,Katie,4
4466617,Mary,4
64931381,Rachael,4
4470700,Justin,4
45445328,Kristen,4
149962790,Alexander,4
34928721,Leina,4
14682523,Nicole,4
150353780,A,4
106090301,Valori,4
100975627,Benjamin,5
20587257,Chris,4
6259673,Shikha,3
155934833,J Selena,4
149862178,Judith,4
150629165,Kimberly,4
151133847,Candace,11
155979817,Taylor,4
127772312,Susan,4
93963977,M,4
156059677,Amit,4
151312537,Sara,4
9252191,Betsy,4
140160049,Zen Chicago,16
51767459,Eva,22
22169733,Karen,4
5633777,Nicole,7
156698136,Dave & K. Dale,8
154850323,Erhan,8
53359413,Trinidad,4
157304075,Tian,4
151599358,Jenna,2
48329606,Christine,4
77530633,Raymond,4
30937767,Judith,4
504800,Renata And Jason,4
19474560,John,2
6457644,Lia,4
151427928,William & Naudra L.,6
126977695,Alex,4
76030865,Ilana,4
6162,Jackie,3
3095568,Amber,4
16027807,Miriam,8
157794356,Chris,4
157821307,Amy,8
39181183,Marie,4
101130285,Shaun & Andreea,4
94825078,Melissa,4
4478538,Abhineyt,19
153025288,George,4
47116272,Patricia,4
157222289,Elena,8
23353615,Felicia,4
2907374,George,4
158055753,Kimberly,4
86333405,Keenan,3
8670834,Dan,12
35681660,Jayme,4
11497254,Jessica,2
1239706,Moran,2
28531511,Melissa,4
31875519,Hannah,4
3257065,Samantha,8
161722468,Sarah,4
11266083,Jaime,7
176229376,Acme,31
160794000,Erick,4
177418403,Tina,4
155409587,Drew,4
210023846,Athena,4
48049735,Cory,4
161754741,Josh,8
13005461,Nathan,8
178254690,Anthony Lawrence,4
111959055,Tony,8
17035591,Joshua,24
88043568,Alex,8
178710732,Annie,67
158843989,Daniel,4
12518382,Carmen,4
43831440,Austin,4
158948610,Michael,12
158965964,Laurie,4
179134188,Ryan,4
179367980,Wendy And Matt,46
36714301,Sean,4
158969107,Oona,4
33053901,Andrea,4
151706485,Yvonne,4
108716560,Judy,4
44345503,Freda,4
162532475,Brandy,8
179610099,Natalee,1
61879260,Kara,4
56489144,Laura & Selwyn,2
29759902,Raquel,4
3828336,Rob,4
180512681,Toby,4
22345626,Dubbs,12
5833977,Emily,4
47172572,Zencity,232
72951726,Kathleen,4
46848,Rachel,3
99798589,Bridget,4
65393111,Mary,2
67794898,Isaac,4
181145684,Kate,4
181195158,Wendy,4
1910771,Michael,8
87738779,Charles,4
8809008,Dina & George,4
28000697,David,4
182510288,Michael,4
160062005,Nancy,8
163179151,Elizabeth,8
72357187,Gracellen,4
181872158,Henry,4
104627783,Bellanger,4
117860087,Jim,4
4908881,Irena & Martin,11
40394055,Brad,2
53994169,Alex,4
106741386,Olivia,8
62373872,Tara,8
37516478,Binoy,4
116817381,Juana,4
144854410,Martha,8
182780903,Lilian,12
158997304,Sergio,4
5519986,Jeremy,8
67325807,Dan,4
38820540,Anthony,3
98193524,Mary And JW,100
1563274,Chris,3
86980595,Jenny,4
31920670,Steve,4
14839402,Osiris,4
91946836,Jordan,8
106285271,Jordan,4
25894549,Laurel,5
74620805,Almir And Majda,8
50165254,Aya,4
163484540,Kartel,92
44265896,Rachel,12
77144943,Shawn,4
137406103,David,12
10656654,Jasmine,4
114879718,Cynthia,4
78843359,Zuly,3
92054857,Dal,8
2010015,Martin,20
142417938,Stephanie,4
26856206,Kristin,4
170810755,Dennis,4
184666233,Andrew,12
79165192,Libby,4
88362771,Andy,4
14479634,Matt,12
90362666,Angelika & Zibi,12
158726206,Ian,4
63669566,Joshua,4
184986442,Yuyi,8
185387095,Heidi,16
185579695,LaToya,6
2141536,Asif & Karyn,4
22521340,Mary,4
184698366,Coast To Cactus,4
54251941,Giedre,4
349230569,Shaun,8
185636413,David,3
9851063,Jason,13
16293823,Charles,4
186121450,Brian & Gloriann,4
177526473,Drew,6
69292837,Roenita,8
46299046,Kath,8
9008718,Elizabeth,4
224089876,Dominik,8
25252775,Jane,4
31113244,Cary,16
9973466,Min,4
6726378,Chad,4
33278570,Catherine,12
102651174,Kelly,4
146845503,Michael A,6
65767899,Tara,24
4023561,Christopher,4
109075524,Alejandra,29
37732228,Marco,4
164659904,Tova,4
174206662,MaTennessee,10
4420568,Tom,4
166026106,Olga,12
15721250,Thomas,4
186651707,Nancy,4
188753899,Jeffrey,4
189853084,Diana,4
11763485,Mike And Caitlin,2
21298900,Le'Dia,4
49260140,Kimberly,8
113257336,Beth,9
57327044,Latrice,4
50610697,Keri Terrell,8
192743804,Fenton,12
16667469,Yingbo,4
194061478,Austin,3
194299805,Shaun,12
171860317,David,4
190203925,Bo,4
91406052,Ashley,4
691000,Nonya,61
190349436,Helen,4
190353611,Joshua,4
36760167,Robert,9
2471877,Michael,4
52636687,Rachel,4
190646459,Michael,4
41862889,Alexandra,12
130502086,Yolanda,9
57277343,Rene,4
22350971,Mary,4
76763152,Brett,4
227131401,Elizabeth,2
145239744,Mando,8
195015117,Brenda,8
109324837,Youngin,4
191156752,John,13
141061318,Desired Properties,8
17847673,Patrick,4
44302938,Natalie,4
145776020,Levi,4
195055541,Jon,8
26535257,Leigh,4
191215856,Caroline,4
191522990,Nala & Owen,63
17657217,Susan,4
168001814,Vanessa,4
188795199,Keith,4
97988031,Lisa,9
129327646,Roger,6
40832295,Shannon,16
170844040,Dee,6
5312983,Christopher,4
4351717,Amanda,4
5907377,Phill,4
196906001,Addie And Boon,4
24970476,Jeff,8
42027768,Vilma,8
268186688,Antoine,4
65301091,Chad And Jodee,4
44418,Kimberli,7
192444869,Dena,4
14099556,Joel,4
154502192,Neil,4
192671734,Hasan,4
28777472,Mitesh,8
192964302,Raymond,3
5382639,Rebecca,4
193285418,Amelia,4
193316326,Sameer,4
168443062,Jessica,4
58183515,D & B,6
22507060,Gerardo,4
127727500,Yusif,8
197795553,Almaz,4
148609623,Nicole,4
56501186,Daniel,4
185912680,Julia,4
80124571,D,4
3953323,Christopher,4
70563442,Maximos,4
731865,Lemna,3
1908904,Ian,4
26077223,Cesar,4
198731500,J.R.,20
168025923,Rob,4
65247752,Luke,4
203955124,Anthony,4
1161623,Lynne,4
436805871,Vanessa,2
55331519,Ryan,10
141453495,Ricky,8
63026065,Josh,4
66944232,Arun,8
204303072,George,5
23612069,Tj,60
202087077,Patrick,4
172675723,Paul,3
22059529,Michael,4
44997651,David,8
30320286,Aqueel,4
100782278,Chicago Furnished,136
4337422,Krzysztof,4
150600310,Jasmine,4
205507805,Mark,4
104419572,John,4
195024981,Al,4
156756068,Larissa,8
195674456,Brandon,3
19753340,Jason,4
168800001,Mitesh,4
171513876,Andre,2
204270988,Abacus,13
202622038,Kathryn,4
126016266,Paul And Olgi,4
18345744,Thomas,4
48907908,Lupe,4
299061132,Concierge By AllSet Turnover,3
156360525,Scott,4
4434,Kellen,5
153282233,Justin,31
9301,Charlene,3
56659711,Angela,4
150296867,Yuyu,4
1385047,Annmarie,4
5725469,Hector And Mike,4
202704228,Joe & Amy,4
78910173,Jack,4
202878032,Ade And J Shuntay,15
141303483,Angela,4
206783790,Oscar,4
22420312,Alex,4
48532103,Silvia,7
132131180,Rafael & Eugenio,6
52012721,Justin,4
11542829,Susan,3
1382472,Ani,4
140659891,Roxanna,4
207183863,Thom,4
26657650,Maureen,3
170461987,Dorothy,4
213059626,Nury,3
207109604,Ginosi,74
72651433,Zafar,31
107488150,Susie,4
92327597,Getahun,3
156238470,Zed,4
93296905,Sandra,4
167299258,Rochelle,3
124438226,Amy,4
7434950,Kathy,4
5838524,Caroline,4
213399531,Christine,4
58868732,Jake,4
10624291,Jennifer,4
12579522,Jack,4
213450737,John,8
58261438,Blaise,4
60521191,Sonia,4
79675882,Nadiah,2
208577711,Tenna',3
102712724,Mike,3
209282256,May,4
70220927,Penny & Gus,4
127245480,Paula,4
8675198,Kila,2
17493679,Cass,16
30435360,Jen,8
88052222,Adrian & Veronica,16
30433615,Andrijana,13
23570416,Kelly,4
6876990,Carlos,6
171198197,Darian,4
171328641,May,8
209558158,Stephanie,5
16829792,Jackie,4
47263109,Matt,4
27133792,Dan,4
52725236,Wendi,12
30992941,Sara,4
12909422,Stephanie,4
52806890,Inez,4
214678665,Roberto,4
86318831,Andrei,16
2465807,Frank,4
6742962,Seth,3
66268005,Ahja,8
101732428,Kelsey,7
16855519,Sara & Salvador,4
39131406,Xinyi,4
81779,Laura,40
45002013,Hussein,4
208533981,Aiperi,8
171696284,Jaiber,4
2057290,Justin,4
90536332,Kitty,4
211233963,Collin,4
172229895,Bel,11
73225990,George,4
25561251,Chicago Home Stays,32
215582020,Stephen And Trecia,4
976343,Erica & Ryan,3
142471041,Micheal,4
40381099,Emily,4
179032400,Amanda,4
212332502,Dan,4
6740588,Kelly,4
189215722,Teresa,4
11981271,Cory,12
217063561,Angie,4
18037070,Ezgi,4
35105490,Kate,4
178334811,Carol,4
177204659,Wesley,4
172755286,Justin,8
8536881,Marla,4
48956493,Farid,4
218940261,Lida,4
22173789,Nausheen,4
7704837,Jason,4
138808212,Steve,4
53624888,Jacqueline,8
147648729,Mel,12
8253783,Robert,6
195172126,Christopher,4
212240618,Felicia,4
54498471,Elliot & Deena,4
219356647,Lauresha & Luan,4
102855020,Char,4
219447316,Nancy,4
217927066,Helen,28
30073391,Brad,17
28932173,Niko,4
16510613,Jacquelyn,4
124488331,Marie,4
27906877,Bojan,4
218154718,SuzAnn,4
186408141,George,6
219977804,Jake,19
208571914,Shane,3
82114450,Jeanrive,4
4401063,Angela,4
87355152,Dario,21
185334362,Michael,4
182030137,Larry,7
52396703,Douglas,4
6117206,Thibauld,4
220441747,Luiz,23
106272773,"You Are Where I Go, LLC",4
104346599,Jordan,4
130931381,Andrea & Kevin,4
220739455,Matt,4
6780106,Chris And Keri,4
33816779,Michael,4
11978751,Mark & Aiste,4
94883388,Winston,8
218772280,Rocky,4
184806248,Natalie + Rob,4
4134413,Luis,4
223534020,Fortino,8
29823067,Himanshu,4
759300,Chris,4
2539247,Huiri,4
17894286,Amanda,4
130968209,Carlos,19
87804841,Francisco,3
166472628,Marta,4
217862314,Elom,4
37880875,Helen,4
57550905,Joseph,4
2688507,Luke,4
11013693,Clemencia,8
221566015,Molly,4
41151770,Conor,12
166918192,Brad & Sara,37
39047799,"Shariq, Ayesha, Zizou",4
22859587,Susan,5
51605018,Aleksandra,4
107486238,Ralph,4
96020718,Roxy,4
98257589,Bart,4
9265623,Phillip & Michelle,4
175954064,Helen,8
42235579,Tyler,4
115855112,Ben & Sam,4
223262080,Kayode,16
227834373,Kate,4
222779466,Bronzeville Hospitality Group,4
74462380,Angélica,4
227806313,Luisa,4
107434423,Blueground,2597
26250043,Justin,16
40611884,Jorge,4
223258166,Paul,4
21425912,Suzanne,4
71020808,Betsy,4
223564959,Haller Coastal,4
20475301,Paige & Nathan,12
544270,Noah,4
80061753,Eli,4
70572518,Chuma,4
44678013,Robin,4
223916604,Oj,4
128167149,Laura,4
176374215,Morgan,4
171844205,Erin,4
176397025,Sara,4
222479012,Amanda,4
2764673,Stephen,8
199988418,Mexica,2
54076186,Jennifer,8
43933909,Nat,68
6928729,Marc,4
111477228,Jody,4
224413718,Nina,4
17221958,David,4
17671690,Mary Jo,4
224510995,Brian,4
11404643,Alma,4
6616235,Slavyana,4
150373185,Dame,3
234284983,Melissa,7
2082368,Jon,4
49819547,Tiago,8
180004994,Jeannie And Paul,19
228406280,Carmen,8
34697612,Harry,4
61786359,Denise & Paul,4
224818670,Adriane,7
53205721,Samson,4
177019136,Estephany,4
234785808,Tracy,8
125771,Mary,6
230687632,Marshall,4
96908587,Jake,4
53866147,Maureen,4
169383425,Giancarlo,4
126179580,Staywell,89
212313279,Nicole And Matt,54
194587024,Gigi,8
166431078,Brian,4
7388522,Kevin And Heather,4
14866234,Dustin,4
228304989,Jie,4
227069903,Richard,4
14657995,Angie,4
68970675,Randy,8
191261109,Paul,4
13004993,Piotr,4
232280626,Joe,5
232551602,Kirk + Gina,4
248544044,Karina,8
197437953,Nay,8
235928634,Michael,4
193524050,Maria,4
226582852,Jane And Kris,87
5459791,Erik,4
245574996,Matthew,21
198527414,Angelica,22
248760412,Cloud9,175
71463113,Barry,4
40738849,Danielle,4
108748830,Chris,4
258297883,Abilkhair,16
40279213,Tom,4
42063884,James,2
258828918,Patty,4
226768155,Earl,3
5363429,Larry,7
919044,Caroline,16
183258122,Santiago,24
38574685,Katherine,7
9165588,Edward,4
15616722,Phil,4
107953984,Andy,6
33064281,Milen,14
247024141,Shane,2
249026086,Yong,8
259228159,Armando,4
259214058,George,8
259330053,Ghaidaa,4
156567268,Blanca,4
5911294,Will,16
251328939,Christina,4
145980569,Garrett,13
22094147,Emma And Jim,128
251761681,Benjamin,4
127847265,Martin,8
21891111,Ming,29
252024867,James,4
16050215,Terryon,4
76404742,Cassandra,4
231494722,Ethan,8
244003464,Miguel,4
82849489,Kaiti,4
252595263,Beach House,16
5969737,Dawn,4
14285530,Mai,4
82806527,Marek,4
14988400,Sharon,15
50333985,Gabriel,8
40025536,Abigail,4
6892581,Laura,4
8452959,Katie,4
72404211,Tess,4
260438670,Jeff,4
110725131,Ronak,17
2479544,The Joneses,8
132709428,Mark,4
259191558,Walton,21
34773184,Lynette + Efrain,8
23006345,Madeline,4
6452801,Idris,14
39622956,Talya,2
5813124,Dan,4
161740210,Daniel,4
220328753,Nathaly,16
129881621,Phoebe,5
11539892,Reno,4
356360409,Eugene,4
256102313,Polina,2
256309608,Tamara,4
25869463,Kathleen,3
58253007,Donna,4
204878245,Amir,4
161025335,Samantha,8
20784663,Will,4
261037264,Anna,4
255603957,India,4
7230096,Brian,2
65922463,Yuriria,4
44773457,Brad,16
172144727,Asante,2
9482659,Janice,4
37449594,Nick,8
31543811,Kim,12
257793960,Bob,9
252018909,Carol,4
257464365,Kevin,75
77794926,David,3
50139939,Mona,4
5722677,Bernard,4
28069606,Hikaru,4
253493484,Matt,4
13275510,Chanda,4
259756819,Joshua,2
6136260,Keith & Janell,4
228470290,Bellanger,4
16961442,William,8
27839698,Kyle,4
200416010,Saul,13
192298305,Irma,4
246868391,Mr. Phillips,4
210984821,David,6
149746028,Mariena,4
237929767,Niki,4
180983956,Jaime,12
265474251,The Garrett Family,4
39623470,Brian,4
125651621,Tavis,8
164156023,Anthony,4
168650256,Alvenna,4
209982127,Shomari,15
238814659,Vanessa,8
253843745,Tommy,8
59246636,Rimal,4
499197,Sean,4
8439491,Molly&Bryan,4
231173112,Larissa,4
43010919,Jacki,4
737585,Pat,7
43864354,Roberto And Nancy,4
48976919,Nicholas,20
1250686,Cindy,4
184422279,Karen,4
260808183,Julian,8
43100816,Mar,8
56538332,Kari,4
74499873,Megan,2
15020587,Mark,4
238929884,Saheed,5
211339703,Joyce,4
162475814,Michael,3
1345958,Kamelia And Jordan,4
270421564,Fabiana,12
47056445,Andy,32
35507281,Dan,4
270110566,Matthew,4
145839626,Cristina,4
271129725,George,4
5408912,Cesar,4
97782268,Emily,2
267023186,Youlia,1
260857109,Xeno,4
200460368,Wendy,4
265290415,Yasser,4
1777718,Marissa,4
267625165,Can,4
265479104,Kaye,4
2484862,Tim,4
20820568,Betsy And John,8
121705751,Vaida,4
174064006,Liviu,2
4661357,Jeff,4
253144613,David,4
5892102,Aaron,4
4982817,Andrew,16
486514,Gemma,4
253889886,Rashad,8
267930891,Lucas,4
19691906,Reinaldo,8
29753236,Carolina,4
223207559,Brandy,4
219937606,Warwick Allerton Hotel,8
268315770,William,4
145168007,Julissa,4
112014461,Kristopher,4
240266922,Pauly,2
4057812,Marc,22
240272630,David,8
261898005,B,4
96730613,Demitri,102
48401570,Olivia,11
40832200,Michael,27
82129437,David,4
30695774,Elizabeth,4
93947435,Joe,8
269600819,Allison,20
1502097,Tim,4
133979185,Jasmine,4
77690221,Amaris,2
274317207,David,4
198816946,Rodrigo,3
24798233,Luis,3
265059752,J And F Apartments,20
173305205,Nicoll,20
10981313,Aly,8
274640211,Steven,2
55879993,Vince,4
88547320,Laura,25
146923691,Audra,4
11108717,Chris,4
8540884,Faraz,4
271325401,Congress Plaza Hotel,19
233682638,Chris,16
112604057,Michelle,3
53898532,Daniel,4
210031825,Nathan And Wendy,4
30482715,Sean,17
8291465,Maria,4
26977167,Stuart,4
43789987,Tamara And Tony,4
22580828,Derek,4
241553892,Samir,8
275931054,Yagoda,4
72939001,Tiffany,4
233472710,Terry,2
69058174,Derrick,4
109169256,Jadhira,4
20061586,Kira,2
280500114,Manilo,4
25074085,Joe,16
271936375,Naina,4
268408488,Dan,12
161781533,Hugh,5
46639769,Chris,4
17878147,Valencia,3
245080472,Darshan,12
281192928,Mohannad,4
1571256,Dom,4
247610337,Marcos,4
257850882,Manuel,4
129233830,Gianluca,4
40736013,Margo,4
172451747,Claudine,4
278602746,Chana,4
99642545,Sylvia,4
207669764,Dave,4
110704257,Margarita,4
255404977,Alexis,4
288112777,Manal,4
94631948,Joanna,4
142410953,Sidzanbnoma,16
17929135,Jaycee,7
188975516,Iverson,4
59812766,Melanie,4
283492447,David,4
247334879,Bill,8
290333439,Milton,7
77414650,Red Door,94
72646499,Humaira,4
291073408,Annette,4
198377798,Alan,4
5469343,Kyle,4
40497809,Andy,3
62461136,Andrew,4
290519522,Tricia,18
284826362,Cossy,12
243917354,Doris,4
12266364,Darin,15
10921133,Steve And Phyll,5
66223998,Rafael,12
289491655,Robert,8
25764937,Andre,4
231516337,Nick,4
37369778,Rubani,4
6305758,Erica,4
279208831,Claridge House Hotel,25
9360222,Olga,12
286802480,Henry,8
25645591,Ashlee,4
264317687,Antania,4
256027720,Katibu,4
59206850,James,4
292681656,Inetta,4
173706590,Luis,4
277477216,Kiva,5
292991909,Nancy,4
288477898,Andrew,4
61964254,Humble,8
20829369,Joe,4
267737048,Brian,7
70082959,Shay,4
293786392,Matt,4
66860638,Daniel,4
154457772,Ena,4
205555232,Matt,4
88720033,Arden,4
293979482,Ann,10
142337316,Laura,4
185021145,Godfrey Hotel,32
34191427,Sonia,20
64531939,LaKesha,4
21986151,Sarah,6
9891465,Courtney,4
191214850,Emma,4
271377854,Jennifer,4
89737716,Oleg,4
65470333,Katie,8
35558926,Tory,12
95468625,Seth,4
230539652,Marzena,4
23914011,Darius,4
296208054,Ferdousi,8
84162651,Matthew,4
299139831,D,24
69635106,Isaias,4
33209330,Ronda,4
296368642,Cam,3
206500795,Michael,4
111001763,Inka,26
68165199,Ian,4
299277189,Anne,4
139486826,Vladimir,4
53836259,Robert,4
26633669,Bob,8
105147142,Tuan,20
106956180,Melanie,4
305980870,Candy,4
76209638,Susan,4
10393765,Bernadette,3
12221215,Laura,4
10837582,Dw,12
89891209,Amy,8
40245300,Carlos,6
59484991,Jady And,4
1099109,Jason,12
31312285,Rajiv,4
111651194,Habib,4
296527089,Jason,4
299712309,Luis,4
7218128,Sarah,2
90647587,Keith,5
26927503,Amanda,4
7461683,Kenan,4
13805053,Jason & Ana,4
305052596,Urszula,4
154692476,Chris,2
298121392,Ann,4
169297663,William,78
53925580,Giovanni,4
243779291,Hakim,22
132717182,Laura,4
58783596,Tony,2
27904594,Carson,4
121111574,Siddharth,4
216458066,John,4
307897974,Jerome,4
15515783,Dan,12
228138122,Shaena,3
134023138,Cynthia,8
285083456,Marjorie,5
312619248,Catherine,4
12011216,Mark,4
3403886,Michelle,4
16924212,Morgan,4
13832017,Bracken,4
314190718,Ben,11
98789446,姿漪,4
156234656,Danica,10
173581119,Ahmad,4
300404820,Kathleen,4
129579667,Mercedes,1
36219944,Charlotte,4
29473981,Molly,2
1001943,Demos,4
252408635,Andie,55
28465841,Hillary,4
296382611,Leonard,4
322144,Kevin,4
210201422,Marie & Barbara,3
154488705,David,3
85726061,Jenny,4
316440530,Lavinia,4
218800805,Chicago Condo,28
301551989,Deborah,4
152478905,Zac,8
13309390,Amanda,4
243270124,William,8
317120638,Anthony,2
317291424,Adam,2
2869626,Savannah,4
310212793,Laura,4
27524385,Karin,4
310494682,Yang,2
48345036,Richard,8
124143623,Justin,5
129664206,Marcin,3
311257088,Dave,10
23469090,Howard,4
171717935,Erin,8
60998956,Mike,4
318578074,Jennifer,8
311881866,Don,4
128017665,Eliot,4
238767044,Haim,13
49787683,Rahul,4
312318265,Salma,2
6617501,Langley,46
312460992,Maureen,4
149110267,Evangela,4
16946647,Gerard,8
319242020,Kelvin,4
157644334,Hector,4
326122186,Mariel,4
32119602,Brianna,4
131184554,Nicholas & Jesse,8
246896177,Kate,4
29515305,Tasia,4
150767578,Anne,4
327103193,Jorge,56
85302425,Kindra,4
88556794,Miguel,4
188365982,Level,52
320268661,Nael,4
23316991,Maria Teresa,4
221769456,Hassan,4
918470,Adamm,4
137495163,David,4
263250899,Martha,4
204907344,Ana,2
19388111,Jennie,4
302585687,Evelyn,8
198521417,Pawel,4
5186892,Jane,4
124220,Kymi,6
221932763,Sandra,4
302616563,Ousmane,4
323140152,Martha,4
170115907,Jose,4
263280054,More Space,4
323890886,Khalil,6
324164061,Juan,4
48764722,Doris,11
17821465,Tessa,4
300582536,Joe,4
293243785,Veerpal,4
235265733,Lin,4
330133644,Sherry,4
330381607,Naj,4
30242955,Raj,2
35485906,Erika,4
317530111,Rolan & Bill,28
333759641,Rashmi,4
303537908,Valerie,4
206904537,Ashley,4
106809124,Ryan,4
318387567,Getaway Hostel,4
73072955,Julianne,3
330916475,Ellice,6
303799160,Stephan,4
334377630,Ginger,4
146042966,Helena,4
303686027,Viceroy,18
334531460,Ryan & Ariana,4
79507600,Bongo,4
324882900,Jasmine,4
335071238,Ann,4
303915234,Rema,4
110050671,Mark,8
49660951,Antonio,4
75837321,Le Ann,4
149897806,Victoria,4
180382279,Ashley,4
336313231,Kai,10
141596426,Salvador,8
336504529,Don,28
6335221,Justin,4
318103179,Hotel Julian,12
139828696,Carlessa,4
143617165,Alma L.,6
48302234,John,4
31860753,Eric,2
60777581,Sara,8
325275944,Lotta,4
147246855,Kaitlynn,8
340168096,Michelle,4
97550830,Denise,13
7239384,Joe,2
161332679,Jay,3
51220896,Kate,10
346794600,Bob,4
217341990,William,5
72165035,Brendan,4
78111379,Tina,4
40727702,Nicholas,7
63239107,Tricia,4
73423516,Nicole,4
325951020,Walter,4
53964832,Jonathan,64
262499958,Jake,13
22998917,John,4
346927652,Scott,8
338815800,Stephanie,2
317101665,The Robey Hotel,40
128265803,Victor,45
8803468,Ashley,40
25106009,Ray,4
15081499,Sean,4
8389213,Danny,3
341917367,Joan,32
17432485,Sabir,4
252285450,Heidi,4
86401160,Eddie,4
339971460,John,7
277460072,Arsène,23
33644944,Jeremy,4
335157368,Jer+Lisa,20
231272947,Liyaquat,6
342149196,Nelson,4
170049620,Alex,4
85346472,Taundra,4
115593975,Jillian,4
23075413,Desier,4
338076137,Tetyana,24
3335284,Kate,4
348938093,Andy,12
31757317,Dorota,8
126734826,Antonio,8
15105520,Tian,16
277385663,Anthony,4
101155191,Abbey,4
20281015,Jonathan,4
344404176,Amyn,14
217592666,Matt,4
36745236,Nora,4
344725153,Angelina,3
152041939,Jaq,4
176666947,Jessica,4
54531970,Byron,7
175087843,Ella,4
358899064,Brian,8
112011934,Meghan,4
170551048,Lyn,91
179677031,Karen,4
349884375,Sena,20
327531212,Christina,12
598390,Kirsten,4
22803113,Bryan,3
170126576,Kerry,4
321617035,Sharleen,4
80999589,Wendy,4
257894542,Hena,6
38018900,Meagan,2
49396621,Thibault,4
90730458,Bill And Susan,4
110356889,Shanasha,2
28304609,John,8
345698805,Johnie,4
158356069,Thato,4
310181286,Hassan $ Ramon Oba Omo,11
47195579,Destine,3
67060049,Jonathan,4
350345067,Allison,4
365089948,Anais,4
1459474,David,4
138199415,Elaine,4
195263141,Doe,4
30010092,Noel,6
55046353,Ryan,4
83740151,Ryan,4
266418792,Ljubomir,4
6962723,Shane,4
212925962,Nicole,3
171003225,Cedric,4
22060289,Robin And Mike,4
29828121,Frank,4
142223344,David,4
19541995,Kendal,8
352736921,Sara,6
6770274,Nicole & Anders,4
204348047,Keith,4
10733175,Molly,4
26404242,G,12
131098042,Janis,2
319957117,Michael,4
66073787,Nicole,8
43614741,Chris & Preeti,4
353286647,Teresa,4
107166611,Brian,4
162300045,Ricky,4
31699214,Stephanie,21
21939429,Patrizio,3
149146958,Marabella,4
157326335,Chase,4
370472053,Gary,4
1286016,Dina,3
25112199,Daniela,1
211029191,Daniel,9
9739361,Bruce,3
386009,Christopher,6
2924312,Ashley,4
263951019,Wf,4
1299321,Phill,8
102750577,Jane,20
371036931,Roseanna,116
365764996,Zandra,12
321519461,Eva,3
324740940,Andrea,3
96810944,Lin & Peter,8
400968782,Brothers Inn,39
131190502,Liz,4
129796584,Kenneth,2
371208446,Obi,4
145398044,Monika & Wes,4
137568651,Charlie,24
202385826,Mouna,4
17942597,Maria,4
2036716,Daniel,4
7497823,Justin,4
143431215,Carolyn,12
350570263,Kelly,4
8756428,Jason,4
371518387,Nosayaba And Mia,3
260876345,Mostafa,4
372603758,Zachary,4
77480864,Amy,4
36904978,Kevin,4
333909546,Sandy,4
313091228,Randy,4
126478047,Natalie,4
73114817,Leonid,19
329789181,Niall & Stefanie,4
370780197,Donald,4
108273415,Catherine,4
8896602,Leah,4
170785489,Dmd,151
33225023,Alisa,2
91375056,Elizabeth,4
106267068,Alina,4
13603017,Teddy,7
254411466,Trevor,4
75724040,Aiste,4
195149624,Alberto,4
45074012,Raymond,4
15616603,Shawn,4
50920288,Art,4
88566861,Kasa,73
354492635,Kyle,4
10890984,Kay,4
370449514,G J,4
203376999,Paul,3
190693455,Andy,3
5720152,Pam,18
95043976,Julia,4
3958220,Neel,4
211370091,Ruxandra,4
272738333,Siow Mei,5
374315944,Roy,8
12271021,Kayla,6
518640,Erick,3
248503049,Collins,4
316542362,Susana,4
375544374,Kum Hee,8
73342125,Graziela,4
3230291,David,42
377995844,Anne,8
289992536,Carla,9
375563000,Anthony,4
25803275,Mercedes,4
45167969,Sarah,3
4499538,Brett,4
348944587,Kerilyn,8
87272837,Tess,2
255603001,Mark,4
1115629,T,4
355912569,Adrienne,8
133835423,Nancy,8
29225962,Louie,4
31173169,Sam,4
114846771,Jaime,4
351243087,Elaina,4
73386335,Heidi,3
108853618,William,4
105642476,Terry,4
95182193,Malika,4
301105846,Ty,4
380353393,Thomas,4
334007094,Joseph,4
81967241,Joshua,2
177511412,Joceline,13
48654948,Margery,4
377881796,Kaylan,4
380344569,Chris,8
27619788,Crystal,2
23246555,Marie,3
380519944,Adam,8
148153190,Jim,4
141789363,Shane,4
148973907,Mia & Noah,37
9681620,Marlon,4
1270032,Jen,4
18447295,Molayo Co.,4
79329089,Brandon,8
111186744,Mike,4
1412967,Becky,11
62540348,Amanda,10
385227720,Chris,4
194166883,Gabriel,2
169621321,Amanda,4
22497978,Kate,6
177188450,Level,90
301331885,Sandro,4
345786786,Vick,3
392429577,Val,4
225565415,Sarah & Brian,4
382185616,Terry,4
266327626,Suite Home,4
112916004,Rebekah,4
2020966,Charles,4
7529,Emily,4
392264626,North Harbor Tower,16
191906674,Ketan,4
391945218,Matt,110
11950589,Mykia,4
382698256,Crystal,3
43623453,George,4
157424458,Zen Garden,20
345799363,Mary Ann,4
119444729,Rebeca,4
87148531,Xinyu,4
222074493,John,3
107791437,Angie,4
379788919,Maurice,4
30124911,Tarik,4
71488,Doug,10
1131437,Brian,4
393214451,Gregory,8
384565954,Shay,8
393130295,Hymie,4
195799805,Julie Ann,8
302604700,Jason,19
9795215,Christina,4
6789528,Peter,17
19002255,Camila And Ken,7
350765334,At,3
384256562,Kristin,8
385136654,Barbara,4
23621700,Jacinthe,3
259688317,Vincent & Sofia,37
393751432,Mike,8
235678953,Patricia,65
59249105,Maleek,2
219339897,Kim,4
21150947,Nate,4
45464259,Pat,4
158998071,Lynn,4
332329168,Spencer,7
48317587,Anca,4
346497820,Emilia,4
395285372,Julia,11
272785474,Mario,3
44371772,Nora,4
274360612,Henry,4
327535362,Hannah,4
66237201,Lauren,7
340261417,Robert,4
66116171,Kristen,4
3571119,David,16
209611929,Seun,7
2758525,Saychay,5
43303710,Marco,8
85326270,Arturo,3
107367717,Chandni,4
174811062,Sharlyn And Mia,4
373397857,Don,4
46429099,Sezgin,10
92924369,Melody,4
224672467,Jessica,4
290190456,Ayomide,4
191345238,Michael,4
30294237,Meesha,6
9007792,Nikka,4
396509906,Karen,4
361361898,Emy,4
8502972,Mike,4
19868986,Brad,7
30108978,Sachin,4
360676243,Brandi,2
396515206,Frank,6
142661000,Dato,2
226708808,Derrick,2
125699419,Bryan,4
56270166,Julie,4
39877583,Joanna,4
198545313,Syed,4
78969342,Daniel,4
228485415,Syed,36
309563699,Jerry,4
1792840,Eugene,4
375644856,Tony,24
195836701,Thomas,4
27120510,Daran,4
32938373,Erich,4
388198836,Esmeralda,8
388220115,Melissa,4
1118796,Stephanie,43
246839504,Silvia,20
400238857,Lionel Vladimir,4
144028303,Paul,4
37092152,Pratik,3
29583690,Saskya,4
5240235,Inna,4
277462798,Jose,4
140050057,Krista,4
56904060,Nick,4
216779734,Rakhi,4
35873650,Vance,4
300930607,Mne,9
4981287,Jenn,4
10816851,Jamal,8
24666478,Benjamin,4
72704941,Luana,4
46338435,Kingston,10
57534226,Andy,4
226475255,Ayesha,4
135140262,Mimi,4
398136430,AMLI River North,2
5190352,Erin,4
2863247,Elizabeth,4
66072088,Samantha,4
387275497,Mary Jo,12
401070165,Niel,10
392327753,Rodessa,2
5066152,Samantha,4
65679180,Jerry,4
99758506,Vincent,3
1540681,Lori,4
395806758,747 Lofts Concierge,86
48120910,David,4
389227768,Malik,4
273591286,Regina,64
401777272,Sweet Home Of Chicago,8
389237690,William,4
36033755,David,4
64818053,Nemin,3
402497267,Rasheed,6
273461025,John,12
5339120,Ishin,18
85015661,Jamal,4
400156017,Elinor,4
32541242,Jeff,4
175544795,Raquel,4
5760690,Lindsay,4
402792711,Jessica,15
1707399,Beppe,4
216437082,Rolando,4
395498979,Milan,263
104523586,Eric,4
401409397,Jamise,2
401631151,Saheed,8
183352676,Yongcong,4
111137891,Jake,3
34950236,Erikka,4
3730806,Erickson,24
52723807,Rhonda,4
24529658,Tami,1
372667073,Rita,4
105135679,Michael,12
32623547,Anya,4
92316600,Jas,4
273576794,Erica,4
65832865,Alicia,4
175692579,Max,8
128452488,Grace,4
95159800,Jacqueline,4
51157353,Yang,4
403658566,Lamar,2
401599719,Clemente,6
221180820,Amy,4
133022521,Yong,6
382425581,Kylee,4
113262300,Mario,4
405989372,Eduardo,4
72214324,Martin,4
80764760,Lourdes,8
145551824,Aaron Emisael,31
71708336,Jasmine,7
408444858,Joe,4
271246579,Jasna,4
406108072,Margaret,4
191736422,Niloo,2
260588213,Zaine Lizandra,46
45070609,Gaetano,12
340545527,Lux  Properties,11
404709283,Sedrick,4
60625634,Cheryl,4
42763114,George,4
336861265,Nader & Damoon,8
404368382,Destiny,6
178852126,Syed,3
119470531,Patrick,2
237429713,Cristian,4
404392415,Rishi,4
404521695,Charles,4
389856605,Andy,24
288665389,Ayanna And Lawrence,12
136940279,Didi,8
57533286,Rachelle,4
152860134,Mirela,4
388950401,Felicia,4
15725234,Josh,4
4900623,Christiane,4
276612710,Kyra,4
139903100,Carl,18
4883288,Dusanka,5
404860878,Gokhan,3
99273655,Eric,4
147444679,Aaron,6
407519523,Ericka,4
29400504,Celiane,4
314235837,Ginneh,7
5915923,Meghan Anne,12
8762658,Beau,5
154981011,Krisztina,4
5310179,Tina,3
382098370,Ivy,20
77523135,Sadia,3
207168609,Melissa,3
142476139,Celia,4
407843126,Julie,15
2725609,Michele,4
104423227,Stephanie,4
409656184,Victoria,4
223183083,Kasey,4
184285805,Brittany,2
105930911,Joe,3
10990820,Jennifer,4
408407815,Camelia,4
25108912,Shante,4
21858408,Carrie,4
27654914,Dustin,4
144706165,Nadzeya,4
410462515,Clinton,3
410504785,Ray,32
408824247,Latarsha,4
33129051,Tommy & Sarah,4
1517250,Joshua,3
327709604,Kara And Alex,34
410645419,Mirsada,8
242845484,Damaras,4
321302737,Tariq,4
395651225,Emmanuel,5
206957119,Savalle,3
22783256,Giang,4
25966579,Zahid,4
12904658,Nick,4
92832983,Lauren,4
411472007,Matthew,4
46575399,Ashley,2
419073897,Amanda Jean,4
49963831,Mariella,4
404766394,Thatheu,4
31213451,Jessica,4
396715210,Harold,4
21056598,Hazel,4
3056209,Denzilt,10
34927938,Lucas,4
384544337,Ora,1
128695316,Aundrea,4
300474882,Kiara,2
137310905,Fabio,12
26896157,Stacy,4
419497250,2 Level Up,8
47593189,Cynthia,4
133481678,Allyn,4
99260498,Richie,16
8478523,Jessica,4
4702278,Natalia,4
259092371,Shamika,6
418337049,Myra,49
118414578,Ashnar,2
395298252,Bailey,21
4289231,Douglas,3
332893994,Jacob,3
291664107,Paul,4
63311391,Hariharan,4
413418725,Hassan,4
336174688,Eric,5
347782025,Troy,4
385302619,Justin,4
33321452,Roberto,7
213346566,Shonetha,3
38084112,Michael,4
100927262,Salma,4
398153159,Tiara,4
357097452,Krystal & Jherrica,2
18100961,Brian,3
420690384,Hanzel And Reese,36
18801829,Daniel,4
420979099,Cindy,4
27902033,Maggie,3
410182681,Ivan,4
21451629,Alison,4
414148337,Jonathan & Chanelle,4
190702407,Jasmeka,3
295144486,Joseph,1
13751434,Christopher,6
145141302,John,3
247475779,Tommika,4
421400191,LaShon,4
260608221,Robert,4
7165902,Robert,8
98011431,Kyle,3
316227254,Planetary,15
88727859,Julie,4
9996343,Leticia,4
415539039,David,10
88374012,Kim,4
43853826,Veronica,3
10779556,John,2
356621073,Izzy,7
418803746,Farid,8
184591509,Beth,4
131630879,Olga,9
6884844,Tammy,9
173042271,Joelle,12
7272560,Dario,4
423745480,Desmond,4
47488520,Eddy,2
145539175,Jeffrey,4
60420333,Sarah,4
15449398,Zohra,4
386582725,Mark,2
55347882,George,4
422733917,Warrah,5
422751057,Patrice,4
84789772,Todd,4
27275184,Ditron,8
86633308,Alexis,4
14377218,Lorna,4
360930812,Brianna,4
72855133,Patricia,4
102656425,Kamal,4
37904043,Jennie,4
904606,Amali,4
309345795,Nora,4
43860773,Daniel,4
424201074,Guirlaine,4
132064840,Isaiah,3
117127537,Jackson,4
187310633,Jackpaul,4
228134254,Adina,10
396958619,Chantrelle,3
23384697,Alex,12
1676552,Erika,12
37902487,Galina And Anar,4
52165552,Spotlessly,23
13485034,Jean & Charlyn,3
93223427,Melanie,4
206009013,Maximillian,9
70332680,Lina,14
89559468,Colleen,6
111062630,Kyriako,51
251802469,Brandon,4
382067030,Chantal,4
248898031,Daniel,9
10821897,Valeriy,24
159033666,Andrew,6
420088902,Peace,10
425301119,Ming,3
87171050,Alicia,4
427764987,Irene,8
241577283,Vairrun,8
232007535,Madison,4
424930305,Tameka,4
421787802,Kristen,4
160231988,Rochelle,12
207406025,Jared,4
425799267,Anna,4
393542503,Candice,4
425870556,Christopher,4
122849110,Joe,4
55401267,Angelic,4
364844663,Pamela,4
47512323,Jimmy & Caitlin,8
227382424,Lanita,4
9267871,Andy,4
111640144,John,4
3666952,Lacey,3
107075441,Amy,3
238403060,Louis,1
250882127,Stas,4
25961722,Alexandra,4
416705127,Ata,4
428418080,Mr Bentley,6
11120895,Louis,7
295507051,Annelise,9
66714194,Nicole,4
200912888,Kyle & Bryttie,9
428679671,Alba D,4
279104798,Evan,7
409349669,Mark,16
425533241,Mimi,4
121719854,Evolve,138
429277939,Paula,4
429410420,Yval,39
256022647,Cali,5
370171676,Micha,4
10195497,Marty,4
439038210,Daniel,29
22694888,Ryan,3
387298173,Fallon,2
429932694,Michael,2
429934169,O,5
25666494,Issa,4
392930921,T,4
19257267,Carissa,4
35709778,Kate,4
426377249,Brian,3
426968174,Julian,3
63911122,Faith,4
430524308,Shakari,9
225574070,Tysheena,4
106087309,Jose,2
10489437,Tom & Megan,10
297581974,Tangeria,4
430969124,Paz,7
11135962,Oriane,4
431019163,Paul,60
139187568,George,4
97416998,Alexis,10
34734525,Anthony,4
431261724,AW Luxe,25
431625764,Sweet Home Of Chicago,24
431705268,Proper Stays,17
431747836,Paria & Damoon,8
51690620,Robert,4
387657635,Samantha,4
214328442,Pedro,4
431928364,Alex,4
315027620,Found Hotel Chicago River North,4
431289398,Yatzaret,4
52158611,Dean,4
430254414,Christy,3
430440522,Darla,2
432440898,Rachel And C.J.,4
161338642,Shakeem,4
133759935,Tyre,4
56248298,Reggie,4
432777825,Lesley,4
366278723,Erica,4
53362437,Cynthia,12
433024723,Kris,4
344157738,Erika,4
433158936,Ghanadon,2
178116424,Tania,4
26567253,Shawn,9
429001190,Patty,9
430292988,Nicole,8
430358251,Antonio,4
433560075,Pamela,4
231147137,Crystal,3
174370306,Kathy,4
36855318,Brett,5
349688412,Darrell,2
398986213,Donte,2
47142032,Shawn,4
61510402,Christophe,3
9072964,Shervon,2
48199812,Danielle,3
246906287,Rachel,3
399279216,Nicholas,4
26995376,Chi,12
402637272,Ricardo,4
4123343,Josh,8
8649917,David,4
258779260,Nancy,2
11054669,Kd,7
371042231,Jay,4
434469243,Latoya,3
53986909,Ola,8
24423992,Wendy,4
85078474,Danielle,2
50475013,Liz,4
434522980,Frank,4
25659505,Daphne,2
221473229,Kaylee & Ken,4
434668748,Noah,4
242277620,Dylan,14
96043853,Blake,4
434617344,Juan Ramon,3
305050458,Pulat,3
65135365,Fed,7
436922690,Ndallah,3
430941852,Terence,4
435121961,Noir Gras,4
242156141,Cory,4
6917630,Philip,4
434831385,Brittney,4
384297041,Luis,8
331726274,Sally,8
167278375,Cordaro,4
13035081,Hazel,4
17385172,Thomas,4
104315495,Gabe,5
115673175,Krystian,4
357341976,Terrance,4
54117914,Scott,2
83152816,Kipp,4
427408682,Asiah,6
423874446,Robert,4
1199486,Zahra,3
56625410,Holly,4
209522327,India,3
435770634,Nico And Dyan,35
433152471,Eliud,4
8235655,Allie,4
29680993,Tiffany,2
374925290,Noemi,2
437955102,Sena,4
418487742,Omni Entertainment,7
62395303,Henry,4
460064396,Michele,4
14727364,Samuel,4
33829686,Henry,4
44281836,Kristal,4
81933723,Caroline,4
227926189,Wanda And JR,9
436156621,Mirna,4
127083177,Caroline,8
194193753,Asta,4
62544643,Malique,4
436244728,Ibet,4
438652825,Jay,4
436294967,DeAndre,2
258075642,Paz,8
62251517,Tiffany,4
434092183,TaSheena,4
49626538,Nyshel,4
439006626,Jill,4
227676316,Derek,4
349906937,Ariel,4
436521208,Belinda,4
436585929,Atithi Stays,15
124547116,Devon,7
432547396,Daisy,1
267630318,Nestor,3
414775983,Alexis,4
117126116,Kathleen,4
191746118,Michael,6
423742334,Daniel,4
28892525,Jennifer,4
23272634,Borja,4
436809861,Inca And Chris,33
439707960,Liisa,2
162693728,Wanda,4
134724493,Kelsey,4
43118065,Leeraz,5
186484874,Megan,4
90835829,A,4
66889487,Eduardo,5
437757673,Matthew,4
10812357,Allan,4
49980854,Natasha,12
22796024,James,38
435105119,Sonder (Chicago),130
440180025,Angela,4
69300865,Naeem,4
45029197,Sara,4
443144213,Austin,4
304948902,Jeannine,4
338399825,Rian,4
226684429,Bret,4
403573904,Connie,8
293184412,Ahnnah,4
204815514,Tamiko,4
440867700,Jason,4
133636998,Carol,4
144359260,Sam,12
174838230,Ares,4
443574625,Margaret,4
427384616,Mason,4
418064892,Crosstown,8
360688371,Alberto A,4
95709876,Earl,4
260317952,Mike,4
364420393,Kimberly,3
12924253,Kristen,4
130142205,Tony,4
19256051,D,1
398641993,Elisabeth,4
22931751,Apollo,4
427129380,John,7
116130012,Alexis,13
25511872,Jen,3
418273985,Victor,7
61600579,Alejandro,4
68290830,Tonesia,3
363929848,Menachem,4
167746538,Ian,8
444364949,Nelson,10
432250147,Alexandra,1
423348992,Keith,4
418252077,Piyush,4
444487395,Rahpheal,3
434265398,Deepa,4
2706397,Nick,1
156689381,Shaun,4
130283273,Denise,9
79161821,Jacob,4
16479196,Marco,8
48717947,Stacy,11
312454617,Kimfatt,4
21090142,Kristen,4
418334552,John,4
316480624,George,70
444958030,Richard,7
165620206,Melissa,4
190798256,Natalie,4
66927319,Angela Lynn,4
185376616,Rich,4
441310992,Georges,12
371043744,Max,13
2790887,Lisa,12
20042989,Josh,4
267391259,Shermeen,4
2619611,Andrew,26
7202014,Arman,4
418066965,Ivan,4
17458809,Kriselda,7
208918992,BNB Realtor Co,4
91704439,Austin,4
63258354,Hananeh,4
173450180,Steve And Addie,4
442145969,Teddy,4
267739179,Brett,4
55890588,Monica,4
442225178,Mirko,15
184774905,Michael,4
106945675,Zachary,2
13826386,Matthew,4
37277645,Dominic,4
174792040,RoomPicks By Victoria,95
396270947,Jennifer,172
211128274,Kristina,8
10260239,Laura And Joel,2
5608501,Christi,4
120888686,Crystal,11
402301593,Brenda,2
157800546,Michelle,3
68949100,Samantha,4
37420568,Zoë,4
25947013,Mar,4
110000995,Sonia,4
14815697,Ian,4
26439913,Diane,8
445903262,ChicagoBnBs,8
58178915,Peter,4
100960181,Leigh-Anne,4
448388996,Jesus,12
100940771,Shani,4
1109943,Mike,4
446184446,Aqsa,4
441385627,Eufranci,16
446259202,Maria,4
446358627,Olusesan,4
85873963,John,4
131508665,Swanzo,4
150639375,Federico,22
448924033,Flerida,4
185185964,Angenada,4
17555294,John,2
327935979,Erick,16
20895985,Cristina,20
119826108,Pauline,4
4050103,Denise,3
439073321,Otis,4
425379068,Natalie & Mia,4
135843543,Vladimir,4
342199553,Eduardo,11
62952712,John,2
451250349,Jquail,4
9923391,Jennifer,6
447235075,Tawney,4
189045896,Heather,6
448983594,ALT Management,12
449238383,Frank,3
212406298,Oluwatosin,4
369311284,Vayrhenia,3
31793914,Alex,3
28891252,Baska,4
447064744,Kwan,4
436829776,Sabrina,4
10536613,Lauren,3
419345704,Siyonke,4
447775573,Danielle,4
225106605,Neda,3
6114614,Stacy,4
449944266,Chiquita,4
100539600,Anne,4
451528879,Emily,4
95946390,Jared,5
450062061,Jacob,4
246090809,Niyati,4
43114518,Goran,4
300921150,Gogo,4
444624863,Nikki,2
15394463,Hunter,3
20440978,Vidal,3
324055739,Kenny,2
434462119,GOATstays,43
22177264,Jeremiah,3
450438687,Carlos,4
136825532,FreeStand Home Solutions,68
453055712,Isabel M,4
348497711,Rediet,4
121892187,Olabisi,4
256888705,Jennipher,4
108294768,Emily,4
126810981,Nathaniel,4
131798816,Sandra,5
79394430,Jade,4
450930758,Eladio,16
137265085,Kendra,4
450973617,Adriana,15
308296108,Ragan,5
122708855,Kim And Alvaro,4
1632242,Josée,4
16500117,Sara,4
455378162,Chiaka,4
419508755,Sergio,4
12356730,Doreen,4
120612205,Nyajai,2
447272522,Ravenswood Properties,4
46000766,John,4
64697227,Melissa,4
54406799,Angelica,3
75265639,Caroline,4
405215400,Shine Vacation Rentals,4
48801055,Iman,4
79821523,Danielle,4
112743389,Tatia,2
451998312,Ryan,4
44967753,Peter,4
439530055,J,5
34466381,Geno,2
211206098,Ramon,8
432172033,Blu,2
452122854,Seven Properties,15
1567060,Cher,4
454048857,Kc,13
424589825,Andres,2
71687380,Agbolade,9
126543638,Alec,16
11291722,Hernan,4
1770452,Alexandria,4
118370296,John,5
68844359,Logan,4
454358823,Tanisha,4
25036575,Michael,6
72973978,DeAnn,3
453831990,Sean,2
454466518,Ana,4
133403638,Stephanie,4
454471643,Kristi,4
57286741,Nicole And Jason,4
1822496,Telly,4
79351393,Td,3
206024355,Yvette,5
11234167,Millie,4
131692581,Karna,4
111328316,Konstantin,4
436959191,Yan Na,62
24369344,Marilyn,4
253130214,Susie,4
114504457,Gabriela,4
324240874,John,3
32940245,Ron,4
20992730,Ashley,2
455018942,Nayna,1
210952229,Alonso,4
28750932,Caitlin,4
110339313,Johnpaul,4
25653842,Ashton,4
24384324,Walid,4
415333469,Nikki,4
345119681,Ebonee,3
445877279,Abiah,4
353779155,Nicole,4
390545011,Sabrina,2
440050189,Betty And Gab,29
83158488,Gracjan,4
204880608,Beca Wendy,5
457600543,Lauren,8
452720171,Sam,4
29267331,Jeremiah And Maysa,4
199474051,Hannaniah,4
68148003,Ali,4
40960925,Dennis,4
114831154,Carlos,8
457372436,Matthew,4
5268780,Stef And Ross,7
457679968,Andrew,3
23090887,Lisa,4
94425307,Jamie,4
458968716,Luanne,37
36459240,Jim,24
130066930,David,4
60129932,Thomas,4
26383151,Marcus,4
140326707,Noel,4
38842917,Magda,4
447901168,Deonte,4
457835507,Patricia,21
458971964,Rich,31
62111851,Amy,6
443337625,Luis,4
129482255,David,4
457996544,Nicholas,21
186443607,Thomas,4
33367682,Kb,4
36551019,Matthew,4
108210969,Michael,4
351606175,Thomas,4
458963453,Christi,3
37095719,Ben,23
382199341,Mike,4
39078458,Maria,4
63667859,Tk,16
96547978,Kenneth,2
319337129,Jess,2
5528457,Sophie,4
445762971,Jorge,3
458455718,Brandon,4
68319098,Alicia,4
19539676,Arleenn,4
183032570,Rodger,12
28645540,Rachel,4
270166444,Gb,8
23975645,Jeremy,4
373812774,Robert,4
345608750,Charlie,18
121714487,Corinne,4
458641882,Michael,4
11022679,Sofia,3
389559772,Minh,2
425033860,Kevin,4
460623270,Mike,3
60070820,Nicholas,4
426889704,Darren,8
41379137,Matt,4
42928772,Gabrielle,4
24362404,Marco,4
67526522,Victoria,4
243035563,Studebecker,159
19739853,Laura,4
457609185,Rafael,18
21447836,Ken,4
67751745,Brett,30
157235585,Abia,25
307915200,Angie,5
248475316,Sheri & Angie,5
382775063,Yuzhuo,5
32237324,Troy,6
460892554,Rich,4
460915492,Vivian,4
410954527,Osi,3
1556814,Tammy,8
92192981,Ariel,5
55282749,Miguel,4
103726967,Brandon,4
16304524,Billy,7
382986737,Girard,4
459410002,David And Yesenia,7
461201155,David,4
391816535,Sentral Michigan Avenue,24
134954840,Emily,4
459450469,Reinitta,4
38839446,Kelsey,4
169726238,Azi,4
461273118,Laura,1
432373944,Idah,6
21662891,Alex,4
536586,Cheri,8
428349408,Parul,4
54474385,Ellie,4
17073575,Lacey,3
209598565,Chux,5
215384691,Brianna,2
149275292,Antonise,3
30728274,Dan,4
37736852,Andrew,3
37190789,Jason,29
36057694,Aubrey,7
466469940,Lei,3
1728889,David,4
124094363,Kaitlin,4
257415407,Kay Lynn,3
464809239,Dakota,4
464835497,Manie,4
267339441,Feyi,5
86094965,Kimberly,4
462129171,Dzifaa And Adamma,5
5990273,Paradise And Michael,4
178542777,Christopher,4
52129775,Ervin,4
78950127,Andrew,4
30272013,Marcus,2
324074779,Kythzia,4
24188877,Jacqueline,4
50666544,Joshua,4
465428850,Stephanie And Zach,15
465429842,Katrina,4
88115523,Keith,4
55615426,Anita,4
726812,Melesa,8
177075837,Donald,4
462421565,Elliott,8
137088568,Bhavish,3
56086056,Carla,4
298454355,Blythe,4
273784397,Kevin,3
394846911,Alix,4
467068923,CitizenM,2
181367463,Sam,6
19231314,John,4
27791221,Julian,3
397164041,Joana,2
28292213,James,4
38428648,Viola,4
223489622,Phill,4
427604956,Abdullah,7
25077657,Gina,4
1382551,Katie,3
45937954,William,3
228590151,Moises,5
276133837,Lily,4
413782818,Cristian,3
7293282,Andrea,4
156822372,Ivy,8
377947515,Zen,65
416432055,Lee,4
459240409,Julien,39
467078606,Rafael,15
345197373,Jessica,2
459457994,Jean,40
459628553,Marty,34
465930635,Jessica,3
268151668,Steve,4
130065939,Benjamin,4
91350590,Estela,3
112934234,Tonja,4
2108039,Edmund,4
467896043,Tony,4
36576402,Vicky And Freddy,3
56054371,Michael,2
466232266,Eric,4
372044115,Tracye,13
459616862,Shaun,35
37632201,Shiv,4
171521027,James,3
8012961,Megan,4
468284714,Lucien,6
458620502,Project Captured,4
135444795,Aprelah,5
143044138,Johnie,4
164878724,David,4
22591305,Patrick,4
463628004,Hernesto,4
48093605,Jeremiah,3
262460663,Juan,4
407186551,Johanna,4
40996938,Kunal,3
53858036,Zainab,4
10713688,Matthew,10
72327836,Sarah,4
113590781,Alison,7
470831028,Erin,4
5461480,Amanda,4
469122810,Aubrey,4
121899187,Mark,4
38605694,Denzel,8
209279064,Rudy,6
14054955,Ini,4
431940359,Mz,3
471041324,Sal,3
27006586,Diana,3
78507976,David,2
152402609,Sean And Derrick,2
60612758,Jeffrey,1
72589033,Zelalem,4
389492778,Toy,13
356154157,Jessie,38
35584185,Nahil,1
394567485,Jeremy,3
193776367,Joyce,7
469454340,Project,4
305785276,Adam,2
420230628,Cody,4
49384115,Michael,4
466722071,Edward,4
471552232,James,2
289373631,Jeffrey,2
471675196,Eric,12
471690069,Glenner,2
7266402,Lauren,4
132942630,Saad,2
470462049,Robert,22
471763659,Vana,2
384174835,Aniya,6
406915877,Harrington,4
629922,Alexandre,4
130948381,Robert,3
162974390,Nita,4
463942169,Juan Carlos,4
47924798,Kartik,4
50144339,Tracy,4
472091759,Ashley,4
469698737,Javier,4
114579397,Steven,4
101096846,Jade,4
469856291,Mayreth A,3
459453759,Chandra,11
208239526,Maureen,4
372605794,David,4
29525740,Anastasia,4
38986401,Matt,3
115896160,Patrick,4
24949688,Aiyana,2
400352117,Tashaunia,4
276652689,RaySean,4
64566942,Fabiolla,8
32205653,Heather,4
105338956,James,4
113396408,Nora,12
94992043,Emre,8
4768276,Robert,4
327131692,David,4
25965083,Albert,4
470235946,Boris,3
469715564,Orbilia,4
470365865,James,4
173416071,Sherice,4
99540483,Alexander,4
293073441,Ty,4
370630312,Jim,4
464280199,Chris,2
458156615,Alejandra,3
192165576,Robert,4
371715922,Shar,4
464407683,Hubbard Experiences,16
79251611,Michael,4
287563603,Saif,4
236681816,Dejah,2
473301260,James,4
720660,Pablo,3
474941827,Irene,4
389422141,Jane,2
329953971,Martha,4
216251677,James,4
473817080,Jaden,38
472267136,Patricia,1
216082871,Monica,4
353152177,Plushy,1
465580895,Fortitude Rentals,8
118714865,Jabari,7
426630419,Sam,4
475466199,Joseph,4
476748763,Phong,3
264175196,George,4
198730505,Paul,6
13998498,Raya,10
21035285,Nadina,8
40721061,Drew,2
205065349,Gold Coast,8
732200,Florin,7
79579621,Jenny,4
474043383,Robert,3
266823927,Peter,2
351225403,Elizabeth,3
164729489,Karina,4
297749336,Marty,2
60361495,Ron,4
1559961,Lauren,3
375566492,Sena,3
153564351,Nick,3
138934538,Dalila,6
473517586,Jamie,33
115875633,Kayla,3
476956265,Leslie,31
476127261,Nikki,3
229492288,Harvey & Elizabeth,5
79362936,Lauren,2
24556372,Andrew,2
77247524,Marlon,3
474380483,Claudia,4
264327771,Abdul,2
1791276,Alexandria,4
430687790,Ryan,4
130023857,Roman,12
428066966,Ro,6
68285226,Tonya,7
375994338,Chris,4
5082867,Laura,4
60828444,Wenceslas,2
477139961,Leonard,2
81985803,Jenny,7
144369871,Cinny,5
30497462,Gerard,4
79372212,Jane,3
42148623,Codee,4
82313567,Denisha,6
468880306,Wanxiu,4
474739307,Maria R,4
418584416,Nachole,4
478022172,Bilqis,52
252439483,Feven,4
138987568,Yelitza,3
24364872,Alex,4
165285023,Sarah And Marko,4
174404306,David,3
478012407,Mason,35
478272515,Angie,2
238053341,Joy,4
322832122,Simone,3
10209703,Carmen,3
402895771,Kris,10
20515032,Kevin,3
233372668,Mario,4
260680152,Lilah,3
340692133,Northside,2
479447879,Roseland,20
102744927,Sara,3
54420130,Ingrid,4
379830684,Julia,3
478696759,Gustavo,3
478703929,Antonio,15
3680567,Sarah,4
25374582,April And Lia,4
284080,Tiffany,4
478709288,Marquis,6
478720297,Dieu Linh,4
476719283,Tyler,3
418199449,Shashona,4
303719667,Dave,15
478848052,Walid,4
85539782,Bobbie,4
350595032,Colin,4
414890881,Sarah,3
240702225,Mack,4
480106904,Claudia,4
160404474,Tashameek,6
480156301,Angelo,4
262668383,Jen,4
450353959,Adidas,3
479151740,Abdulrehman,8
168912622,Nour,3
334611729,Dominique,3
53991659,Alex,3
479257582,Tno,1
480240669,Johanna,3
479254181,Hany,4
131338196,Samantha,3
480309366,Christine,8
121884152,Jamaal,8
480367239,Masooma,4
352627300,Azhar,6
111567885,Jeanine,4
51373457,Paul,4
377274999,Anton,4
1821244,Brooke,4
464545717,Diane,4
73638558,Karolina,4
3628966,Hector,1
18978285,Sam And Jesse,4
181993307,Edgar,4
480727298,Kelsey,4
9955656,Emrah,3
31237780,Michelle,2
49956434,Shem Cosmos,3
10183744,Mary,2
16499771,Rishi,4
482638635,Calvin,4
482660364,Asa,12
406638602,BrighterDay,8
329331648,Nigel,6
16218641,Anthony,2
482780034,Kiana,3
254898,Paul,4
13270940,Jeff,12
85981531,Adrian,4
482923075,Md Bulbul,4
209601164,Qui,4
483058376,Emily,4
483075802,Song,7
483078522,Larry,3
481029308,Bertha,4
31450317,Sonny,4
481152110,Cody,3
405828111,Antonio,4
481255498,Larry,2
69264508,Joshua,3
481300835,Reginald,4
481440162,Daniel,4
69532286,Edita,9
467742874,Wong,2
136673636,Weihong,11
480194715,Erik,18
46408236,Ewa,4
232293120,Eric,4
481605050,Jonathan,7
217689,Michael,4
40695450,Eduardo,4
361968698,Amy,13
483081067,Sheldon,3
358024418,Amara,1
483201459,Joshua,12
53841201,Martha,3
131628408,Pamela,20
32533958,Krisann,4
225328993,Ariana,4
25866487,Kate,4
198643172,Nina,4
481526525,Paul,4
29571441,Ashton,4
21145191,Tena,4
470480353,Febi,4
482278169,Robert,4
34823524,Dana,1
150199112,Alondra,5
3211636,Robert,4
477721724,Chevonne,3
60078863,Matthew,2
482528680,John,4
480341243,Ash,38
8179742,Megaan,2
370154553,Innesa,64
110491365,Nick,4
484111724,Pebb,28
1450094,Stephan,4
88359384,Haiyong,4
81004000,Alvin,2
12098939,LaGenia,4
266081133,Kelly,4
17266955,Caitlin,3
481129282,Sam,4
445364302,Kennan,4
224573609,Prudence,4
6805586,Elizabeth,4
484234479,Freddy,4
484957190,ChiHausK,51
85875701,Corbin,4
417084262,Caren,4
101320452,Rosalia,4
139408570,Gavino,4
114880243,Ange,4
396677354,Aaron,4
236204467,Damon,3
484417657,Senada,3
425863337,St. Clair Hotel Chicago,6
485565209,Rabeeha,31
134586440,Lorena,2
144040683,Khane,2
225739366,Matthew,4
485647597,Sandra,3
134623319,Fabiola,3
88489162,Carrie,4
450983614,Michael,4
201545206,Aleana M.,5
40439808,Rinee,4
230812904,Dede,4
479706697,Armando,14
55724046,Sean,3
53762710,Monica,6
486898314,Nicole And Ryan,3
409137639,Heidy,8
183630900,Kimberly,4
112794359,Dominique,4
158913952,Victoria,3
486064025,Vlad,7
484939892,Desiree,3
2044393,Kevin,4
74509412,Ruhama,3
38031977,Robin,6
10107971,Lorri Ann,4
95752146,Peter,4
347797890,Azhar,4
486139080,Vax,6
370282690,Don,3
436804174,Edward,5
480338513,Lane,41
487875254,Mikael,4
19409770,Sophia,4
486132743,Chantal,4
487061098,Fahad,4
3799544,Philip,4
132798480,Abbey,4
486343675,Mila,4
103443157,A,4
487979314,Maganbhai,4
487981983,Scott,7
487067757,Nizar,2
83796256,MGM Properties,5
72858452,Jonathan,4
1339570,Hannah,3
461691271,Daniel,4
109200594,Nigam,4
90254823,Margaret,4
2500540,Saf,4
105641,Adeoye,3
144648366,Joseph,1
489592965,Venu,3
485494558,Ayo,4
488113016,Alexis,38
12044647,Promiti,2
445202748,Christian,4
253536848,Diane,2
208543311,Chris,12
487064427,Rolando,4
254096995,Rahel,4
24110735,Neal,1
237549429,Jerob,4
448589644,Andrea,4
485390604,Rudia,15
489718212,Ledys,3
71423,Anthony,6
69370034,Diana,3
488124046,Garrie,25
489785929,NiyajHousing,5
33403938,Melissa,4
97274056,Joanna,6
171214054,Manny,10
395614,Rabbu,2
239108696,Anna,3
161249420,Marco,4
435162548,Shavaughn,4
13217131,Tim,12
488781558,Alexandra,3
487492125,Cerise,11
36989519,Mushky,4
8906491,Alex,1
309763242,Chanese,4
4115325,Sunny,4
13714523,Lindsey,4
55004815,Basirat,3
47671249,Mike,2
25079113,Gail,3
346571993,Magda,3
70728663,Shelby,3
104849970,Sean,2
485079256,Michael,4
489086639,Victoria,4
14324972,Judd,4
292914219,Kaylan,2
53811301,Igor,4
489133048,Quinisha,4
490506607,Stel,4
36547187,Audrey,3
490525780,Zam,3
126096165,Monica,4
9387345,Mathew,3
3421801,Kemetale,3
477462884,Fonda,4
402617596,Alyssa,4
83628553,Joseph,4
181205324,Plushy,4
88550771,Vincent,3
490654589,Karen,3
490833974,Sharone,4
40741754,Wes,3
490861798,Jose,3
14294668,Katrina,3
490951159,Aayah,3
491008125,Javeria,3
256066199,Gerald,5
490701540,Dexter,4
492533587,Danielle,1
377123730,Jasper,2
239653824,Katie,3
304791452,Günercan,2
298862365,Patricia,4
38103267,Octavio,2
31710957,Mari,4
21257959,Victor,1
456823774,Stacy,1
121879039,Julia,3
9325983,Portia,3
45957293,Deidra,7
485663668,Jesus,4
85647159,Masato Or Akiko,15
53292317,Mary,4
487848793,Donald,4
392521763,Juan,3
43445331,Jean,3
345565701,Kay,3
215444392,Jenna,7
409108758,Matteo,12
23973552,Damani,3
23305732,Shayna,1
184527999,Kahlil,4
493428479,LaDale,1
494506415,Risa,3
90856006,Johana,3
48024929,D,3
494665828,Steven,3
368430240,Monika,3
234070975,William,4
351130970,Anna,6
184488000,Eric And Erika,6
493840291,Angela,2
18483412,Sharon,2
4647193,Benjamin,3
446714045,Phillip,1
488037033,Tj,4
492177205,MJ Luxe,3
29768640,Sunny,3
30438346,Briana,4
19779392,Deborah,3
22021736,Olesya,3
180500881,Jimmy,2
494858846,Jaccy,3
494135783,Abdul,1
127864188,Bibi,2
492336050,Legac Estates,3
333201887,Yanko,8
490365719,Walter O,9
159711711,Stephanie,3
491707654,Awayo,9
456424706,Selina,3
1141922,Toni,8
39967444,Marrianne,4
131521131,Atakan,15
17965499,Greg,1
492774222,Sosina Operations,3
490752114,Sevyn,28
495043557,Ann,1
499555213,Brian,3
383245445,Nathanial,3
497612509,Dawn,3
186115134,Djamila,41
107471161,Marshae,3
12675493,Femi,3
264445549,Rmk,6
334743940,Rashid,3
12318618,Laurie,3
63436227,Antonina,3
497015908,Ghaffar,3
170286644,Marsha,3
58456909,Sue,3
146136112,Blake,3
497853220,Antoine,3
24084926,Jordan,3
280448155,Stay Gia,10
500218714,Rosa,3
43298553,Aijana,3
406243545,Kevin,3
482216421,Chicago Short Term Rentals,1
485128727,Dilcia,3
222031,Peter,3
13667825,Brandon,4
497660633,Flexhome,22
145544086,Jessica,3
69186447,Dymond,1
492124083,Jamisha,3
335587100,Lakeisha,1
468436552,Aloft Chicago Mag Mile,8
498386999,Adam,3
92129084,Russell,7
495637904,Lydia,28
500831191,Shavondra,3
498401742,Lucas,5
495062084,Millennium Knickerbocker,1
330850700,Samson,3
496836087,Joseph,3
378232184,Kimberly,7
83886724,Rachel,3
62700055,Ryan,3
82940996,Joelynn,6
140135559,Barak,3
422970217,Katy,3
732418,Aj,3
37770111,Moses & Kamille,3
233213144,Lionel,3
501363193,Emrah,5
501371725,Level Chicago,64
331372568,Firoz`,2
83985556,Sebastian,6
34064367,Tim,3
276665737,Mike,3
495341512,Casa,3
2548855,Eric,3
24338177,Ari,3
53938422,Lauren,4
15900115,Casey,3
237416728,Iva & Darrin,3
100179,Kenneth,22
206708621,Esther,1
2421236,Rachel,3
23152284,Ali,1
386886002,Billie,3
361997400,Sergii,21
289396383,Matthew,5
25662899,Missy,3
67561029,Ashley,3
470248221,Zalano,2
502463353,Orit,3
502604839,Joe,32
10296671,Becky,1
248468998,Syed,5
503853645,Olivia,3
282579373,Jesse,3
111298131,Lennell,3
503893839,Antwan,1
469157297,Tim,3
92061621,Veda,5
504080250,Thomas,4
157663344,Trisha,4
407903587,Sophia,2
501817911,Keisha,3
8244394,Lina,3
493652748,Andre,3
105709496,Anna,4
502770604,Carol,2
48776321,James,4
250583827,Coco,3
504220633,James,3
9214325,Martin,3
192320337,Danny,3
413889297,Nina,9
68896330,Alex,3
503136249,Dee,7
57783939,Cori,2
241934753,Forest,3
60325861,Erielle Anne,3
33683530,Jeffery,5
321927178,Stephanie,3
504767455,Gladys Veronica,3
91557535,Oltion,3
43101599,Roman,1
415235990,Jennifer,3
343454544,Janay,1
490752710,Nell,19
209404662,Taina,1
63124639,Sebastian,3
505374715,Gallenn Lux Rentals,2
25631907,Aaron,3
505675674,Argelia,4
165881852,Jacob,4
83820157,Eric,2
173866008,Yashar,3
397093401,Ali,3
459975444,Freeman Realtor Co,2
409342040,Caprice,1
112243295,Mike,1
1173654,Jillian,2
18137125,Gina,2
1664593,Christy,3
10815319,Matteo,2
7723412,J,6
28501460,Delia,23
8292749,Ilya,3
20059524,M2m.Management.Llc@Gmail.Com,4
17647103,Rob,2
40725954,Larry,1
47567772,Katie,26
44304154,Joe,2
25871759,Amanda,2
56533426,Li,2
61778358,Robert,1
38750352,Clayton,2
6414831,William,2
76244,Chris,6
81092993,Donna,1
9332242,Daniel,2
96680775,Todd,2
82303206,Malia,2
75789337,Matias,1
102273969,Alexandra,2
99423292,Ananda,1
104514753,Alice A.,2
22484523,Dorhec & Kyle,2
50704737,Vince,2
1599090,Evelyn,6
27862633,Abigail,4
41957138,November,2
69093482,Todd,2
47720848,Donald,2
21980007,Paul,2
188216209,Todd,2
1028308,Kay,1
4863767,Samuel,1
188390381,Tyler,2
37753749,Jax,1
30992941,Ali,4
55327009,Loretta,2
57375926,Stewart,9
71463113,Barry And Charlene,4
261404932,Emily,3
45542882,John,3
46400255,David,3
271956869,Jullian,3
39860867,John,6
20686013,Leelach,2
288686625,Jonta,6
40245300,Juan,6
189585137,Sarah,2
509772654,Matthew,2
171822490,Gina,2
318103179,Arlo,12
8871999,Becky,2
31378386,Proper Stays,1
32987989,Collin,2
514776477,Ralph,55
273076659,Dwight,11
25857452,Shaye,2
367411016,Taylor,58
377884322,Kathryn,22
118852631,Levi,2
93829596,Amit,1
190693455,Andrei,3
1969829,Michael,2
1443635,David,3
377006981,Olena,2
60384555,Tamera,5
95784390,Eduardo,2
379827790,Magdalena,3
220430978,Brianna,1
391749469,Mikeshia,2
105023349,Ilya,5
367070543,Sandra,2
5726123,Amanda,1
336174688,Akata,5
158897625,Jennifer,4
2870625,Joshua,2
45312905,Alka,3
421139789,Daisy,2
102075356,Maria,3
2049756,Seanna,2
174769930,Noe,5
156456715,Evie,2
217327648,Corrine,2
16133210,Marteki,3
296792191,Marcus,2
200912888,Urban Co Spaces,9
408225362,Martha,3
14788463,Jason,1
141028488,Beata,2
427448136,Juana,6
429910685,Frederick,2
434156538,Spencer,3
66882246,Vinithra,2
332903098,Kkt,2
200395343,Brian,10
306615867,Steve,2
311142915,Benjamin,2
316480624,Joseph,70
274242263,Kiara,2
441479406,Dominique,2
63258354,Hannah,4
447270257,Darren,2
444099759,Itamara,7
311033137,Ruth,2
122823566,Frantz,3
29451512,Jonathan,3
1666010,Rachel,2
411599212,Maria,3
452946823,Antonio,2
381550638,David & Jenny,2
9176081,María,2
346090606,Alana,3
454337450,M,2
440622495,Keion,1
456687795,Crystal,2
53937685,Chris And Ana,2
128569740,T,3
204880608,Kai And Beca,5
461360713,Keyes Property Management,2
49803776,Edwin,2
464407683,Hubbard Holdings,16
5356497,Jason,2
473353379,Kerena,3
434152532,Kevin,7
472067330,Meghan,2
36454501,Annyce,3
39238235,Hugh,2
474685383,Derrick,4
471361103,David,3
471748171,Elizabeth,2
208820622,Nia,2
51050814,Jordan,5
82149466,Mark,2
240702225,Sam,4
273965788,Michael,3
479549251,John,3
2958689,Alice,2
479937385,Andy,1
148451838,Goran,2
128364873,Margret,2
34223575,Emily,1
105598779,Trisha,2
1305112,Matt,2
140478325,Alexi,2
167805471,Wonderful,2
480317142,Elise,1
482463879,M,2
480238888,Sandra,2
379820347,Gabriel,3
480763849,Charles,2
8599447,Colin,2
41115194,D,2
9319739,Caitlin,2
485084456,David,3
56764277,David,2
336806758,Oseni,4
38959265,Paris,2
199991,Temara,2
485721205,Zhi Guang,11
51260768,Savanna,2
50441260,Dan,2
841820,Sebastian,4
490578456,Dolly Heliyer,7
492394452,Rys,2
187746186,Husni,2
489913539,Nick And Ney,3
490861112,David-Eveliz,2
457164494,Jeffery,1
288141777,Natalie,2
118351847,Victor,2
413398063,Destinee,6
481531926,Magdalena,2
15818013,Dominique,1
490523399,Celia,10
407176813,Fryda,2
28316981,Andrew,2
316787157,Christian,2
490514913,Nawaf,4
423852757,Delores D.,2
498303102,Betty,2
500363895,Imran,2
88588020,Jchou451,2
398010175,Donna,2
184878289,Jolie,2
39623111,Javier,2
499555213,Vandance,3
499872392,Mary Kay,2
470371846,Jd,1
212355773,Joyce,2
496836371,Michael,2
497015908,James,3
496914387,Karron,2
128625952,Phebe,2
75104964,Eric,2
177526473,Sarah And Drew,6
502153721,Erick,2
177407572,Indra,2
502782253,Armando,2
217496099,Majed,2
504233823,Marcos,2
502813706,Angela,2
355280176,Taylor,2
505957317,Timothy,2
8048267,Jamal,2
465359046,Mary,2
107247233,Andrew,2
1597452,Francine,2
168894016,Kathleen,1
215725404,Jay,2
70364892,Sylvia,2
47152445,Elizabeth,2
1329774,Lauren,2
1583537,Darren,1
42859852,Max,2
21336247,Cara,2
399964088,Emmy,2
13100798,Adrian,2
434134320,David,2
327401728,Marcos,1
503532023,Yissel,1
281801607,Eddie,2
371446696,Keanna,2
506477566,Bee,2
140163833,Jon,1
506649866,Jamar,3
243129058,Jessica,2
804911,Tori,2
376634376,Krista,2
229911516,Shyla,2
416916338,Phyllis,2
505440643,Tamara,8
461063348,Rameik,1
505657160,Adam,6
481972048,Zen Chicago D,7
7109189,Idris,2
439898552,Andrew,2
477392244,Anna,3
301868082,Lalla,1
24368946,Andrew,2
507071443,Dominique,12
27192477,Lito And Chip,2
501999514,RoomPicks,45
278431072,Abhishek,2
503090596,Christopher,2
52411817,Kelly,2
7559187,Cory,2
371582669,Roxy,4
82114082,Genova,2
507320055,Samantha,2
3186645,Jorge,6
101400847,Andrea,2
60729750,Joe,2
211663724,Luis,2
504447088,Jonetta,2
54687178,Debbie,1
56624784,Cameron,2
150432077,Jaliria,2
484831046,Kendra,3
482971882,Leavitt,6
129346623,Ricky,4
79085532,Jerson,3
59957402,Shelia,2
43675065,John,2
85546393,Bresshenda,2
176042673,Aqib,6
30346456,Justin,2
505063628,Dennis,6
40381245,Julianne,2
111286942,Brandon,4
508662896,Harrell,2
511788822,Miqdad,2
190153863,Alicia,2
169890626,Laura,2
505836684,Kyle,2
509192250,Alpine,6
47356089,Bryan,2
31345837,San Lae Lae,1
334849734,Christopher,2
89755474,Victor,3
53369303,Blessing,4
383709169,Ingrid,2
479151740,Aero,8
76410337,Ivonne,2
256506379,Dan,2
35256981,Jonathan,2
66596522,Leila,3
32049999,Megan,2
1980308,Maggie,2
510545457,Lineage,2
512393272,Bernadette,2
507492765,Yiyang,2
5821667,Tk,42
77589800,Phillip,2
124293298,Nicholas,2
202789196,Maria,1
510045433,Brandon,3
409555186,Sarah,2
67643032,David,2
512704158,Debbie,3
349206204,Sholom,2
106214801,Eric,2
46809343,Larissa,2
386172585,Jay,5
437223256,Caroline,3
184672208,Lashaun R,2
509169718,Michiel,2
14510136,Caroline,2
46574923,Sam,2
1766586,Mike,2
513457454,Jermaine,2
67978085,Zach And Sandy,2
58221773,Brian,2
22254869,Akobir,1
504315732,Zita,2
8282057,Sourabh,2
3441521,Claire,2
486315997,Sreyoshi,3
500965748,Alexis,2
434301609,Andy,2
2738870,Will,2
514910634,Anthony,2
9018606,Michelle & Ferran,2
29339542,Karla,2
48614814,Sinclair,2
68070995,Eliza,4
288222266,Christopher,2
120553080,Chuck,2
342896761,Shaunte,2
256328041,Dana,2
491613902,Ruth,2
108894936,Juan,2
513860142,Richard,2
80993191,Chia,2
257806893,Aleksander,2
483735285,Enchanting Stays,2
163862215,Mario,2
171115791,Khari,1
74888714,Jessica,3
191365971,Neha,2
413497198,Simmie,2
10673015,Kitsa,1
240748387,Ray,2
513957921,Mary,2
213632,Maria,2
345192866,Seyi,2
515534327,Inga,2
66992669,Leonardo,2
2553998,Jessica,2
517257823,Sandy,2
517271687,Yesenia,6
125906199,Octavio,2
479149493,Samson,2
303896229,Stephanie,2
299814453,Eliyahu,1
29068909,Wendy,2
505770642,Jonathan,2
243348945,Michael,2
128161917,Jenna,1
5454715,Melissa,2
266336247,Pro Aquatics Academy,2
36579296,Maria,1
514185518,Mercedes Dolores,2
456921744,Leuyen,6
374948656,Ozair,3
55574851,Alan,2
138122970,Shabbir,2
513431472,Matthew,4
358596689,Jessica,2
514284397,Shama,2
204236234,John,2
181907908,Kassim,2
25138314,RoomPicks By Antony,87
94065189,Renata,2
516007570,Sallah,1
39607981,Adyna,5
509913083,Millennium Knickerbocker,3
124783073,Bethany,2
70139693,Andrea,2
498964240,Fern,1
217611086,Jesus,2
261421704,Randi,2
516093075,Fahad,2
408668708,Justin,1
514833332,Mechie,2
141909027,Jay,3
516190681,Johana,2
1948879,Kate,1
35804478,Özlem,5
4483032,James,7
401932379,Abby,2
516754623,AJ & Hannah,2
275684350,Sherif,2
168342739,Fabiola,2
516569772,AlIs,8
518917937,Belle,51
516969198,Piotr,2
518979805,Brad,2
276390465,Amr,2
85405655,Jason,3
25863721,Sangeeta,3
88291067,Tadj,1
32509108,Rachel,2
165153877,Yingjian,4
514924529,Pinar,4
495274577,Rabbu,1
519259965,Lola,2
101542773,Lyle,2
114914409,James,2
516729738,Sania,16
518420764,Ibrahim,2
204837000,Thomas,2
115569730,Anthony,2
122693390,Aaliyah,1
390989692,Sal,2
204613551,Sam,2
140840862,Jennifer,2
74202688,Uriel,3
508290512,William,1
327300894,Beata,2
119669148,Tara,3
520337565,Wei,1
11846386,Blaine,1
9341270,Katie,2
63149967,Yao,2
519677449,Michael,2
94722308,Guadalupe,2
138324357,Maximo,2
97403530,William,1
147366450,Brian,3
334050286,Harpreet Singh,1
46734,Shay And Robert,3
4525503,Nejla And Enki,4
4091924,Olga,1
1664593,Matt And Christy,3
3710712,Rick,1
214243,Sarah,1
40871799,Gerrit,1
42378235,Desola,8
8475137,Kristen,1
45762546,Steve,1
45869692,Tom,2
4853028,Alan & Susan,2
3592548,Dustin,1
55728526,Marc,10
2873417,Peter,1
73574854,Demetrius,1
1764580,Margaret,1
95926744,Lakeia,1
159099964,Kyle,1
135055128,Forrest. With FVF Albany,4
136641917,Patrese,1
648385,Jaime,4
148697512,Christopher,1
137866517,Marytha,1
61661450,Joe,1
31432220,Patricio,1
11651621,Lisa,1
911989,Rebecca,1
46116764,Wen,1
154244784,Almetris,1
7360656,Doug,1
153829791,Venisha,2
76549651,Mel,1
110244439,Milton,1
82188778,Alison,1
266106775,Chris,1
270119683,An Iconic Hotel,20
4291255,Fatai,2
61964254,Humble And Jack,8
521071112,Eduardo,1
138614372,Maria,2
5721289,Scott,2
310729205,Donald,1
4769133,Ran,3
6238433,Anna,1
34951699,Lorena,1
1921252,Miranda & Marcos,2
77480864,Francisco,4
22887896,Chad,1
212925962,Zirrell,3
153553434,Scott,1
19109121,Juliana,1
235678953,Patty,65
369865849,Michelle,1
24666478,Ben And Kimberly,4
418337049,Ms,49
201320554,Olga,1
46850916,Lydia,1
155230531,Oriana & Julius,1
422016559,Jeff,1
11054669,Kevin,7
376176937,Raykhona,1
45026360,Sirius,1
78004091,Colleen,2
25756190,Reva,1
371702427,Adetoke,1
455356769,Alfredo,1
26953695,Ron,1
276979434,Larry,1
79096078,Ogugua,1
407578957,Giovanni,1
464797341,Brian,1
75023001,Stephanie,1
22055367,Maria,2
13810509,Kevin,1
146727523,Camille,2
751923,Marissa,1
10765665,Sebastian,1
232012343,Joslyn,2
234187212,Yaharra,2
25141526,Elizabeth,1
215257852,Elise,2
303719667,Chris,15
478896787,Tierrah,2
155235490,Dave,1
2323999,Sarah,1
4527801,Venus,1
283682515,Emily,2
66930507,Arturo,1
103443157,Al,4
56233038,Michael,1
200343773,Michael,1
155612259,Connor,1
496605918,Michelle,1
141157234,Tracy,2
194508729,Michelle,2
62837251,Jasa,1
391884291,Eric,1
427918634,Josh,1
504233823,Andrea&Marcos,2
413790765,Carlos,1
16864751,Douglas,1
23893046,Kory,1
394699192,Gina,1
61035807,Dave,1
470450476,Denis,1
508660064,Yannique,5
509131790,Janina,1
509411955,Cameel,1
509640347,Bryan,1
415476032,Vachetta,1
160784120,Chad,1
20213138,Janet,1
52105465,Mia,1
301771473,Amal,1
512364926,Douglas,1
509937864,Melissa,4
410854225,Lusi,1
130882196,Josephine,1
32344711,Shawn,1
136657891,Norma,1
513431472,Casper,4
83805549,Tony,1
9039008,Khong,1
346988510,Briana,1
374229011,Amy,1
516363194,Steve,1
45427532,Valerie,1
153832517,Shassel,1
267737048,Cheryl,7
132714154,Becca,1
136010574,Samuel,1
166653554,Oluseyi,1
500347797,Julian,1
398650831,Noah,1
225448452,Cynthia,1
5819969,Lisa,1
23125594,Joshua,1
515855788,Hatice,4
517784284,Simone,1
426416739,Candace,1
518375463,Jacqueline,1
46812581,Brenton,1
518632074,Janelle,1
518666578,Ping,1
285452381,Ben,6
217601625,Randy,1
518917937,Bella,51
387202458,Ryan,1
8311163,Emily,1
371568644,Abigail And Erin,1
517118143,Amy,1
495698931,Jessica,2
516016585,Besail,2
1320363,Rodica,1
208113659,Landon,1
77180392,Maciek,3
60668562,Conrad,1
30554109,Katharine,1
520581509,Francisco,1
73912900,Aaron,1
19137843,Linnday,1
520803017,Owen,3
13168762,Tim,2
225012791,Jocy,1
3695579,Idel,1
512691177,Sanela,1
520965717,Georgios,1
59367434,Jason,1
57195,Conor,1
48057714,Siyang,1
42690960,Babatunde,1
398425487,Travis,1
521318791,Ajay,1
299944655,Andrew,1
111631602,Karina,1
83332962,Jmean,2
28005727,Tricia,1
62023063,Alex,1
233293663,Christian,1
456511812,Evolve,1
104256365,Courtney,1
461544464,Rachel,1
234219051,John,1
126618571,Maddy,1
35490330,Chris,1
520498076,Ha,1
522233372,Sandra,1
522244268,Samuel,1
232925967,Jenny,1
66920567,Nia,1
522417853,Em,1
22329411,Sherri,1
522527684,Cihan,1
418364089,Paras,2
119163841,Joel,1
200313005,Oswaldo,1
65611806,Shay,4
176314750,Yasir,1
448337164,David,1
522950558,Cristina,1
30484804,Lyv,1
170255943,Yao,1
394446911,Carla,1
277867954,Mariusz,1
157558065,Yun,1
523139407,Laura,2
8008453,Alyssa,1
523579102,Laurence,1
2781700,Amy,1
24655475,Rob,1
449200159,Nico,4
340442933,Martin,2
334724275,Elanda,1
169528406,Yocelin,1
511918330,Shri,1
523528839,Valiullah,1
523972443,Kasiet,1
18228163,Carlo,1
519821532,Bernie,1
46490240,Bradly & Leslie,1
177586678,Helen,1
524112329,Maria,1
524126503,Maciej,1
236872363,Rodrigo,1
74071024,Ninoc,1
81858725,Jennifer,1
347032327,Austin,1
62022982,Patricia,1
37945736,Alfredo,1
48630264,Shuang,1
359510792,Juanacarlos,1
275764085,Daniel,1
110653686,Jason,1
55572133,Zatio,1
228789367,Loki,2
32871952,Robert Tennent,1
345330177,Myra,1
525249615,Kevin & Adele,1
390964964,Joseph,1
112431044,Thomas,1
17962025,Jackeline,1
30668287,Still,3
525498083,JaNeane,1
2526824,Roger,1
524577836,雨晨,1
512504367,Ryan,1
525748901,Christian,1
277975320,Kathryn,1
366307082,Tammara,1
340840252,Michael,1
36540198,Beatriz,1
525940505,Karah,1
121869561,Victor,1
125750418,Randy,1
33317558,Angela,1
95904838,Theresa,2
168379807,Anthony,1
58514627,Diane,1
526588725,Kelly,1
526669181,Marques,1
458746920,Mark,1
526343277,Gracie,2
372118891,Patrick,1
526974764,Alexa,1
365660753,Brian,1
527153960,Jose,9
472132494,Lok,1
421412958,Adetayo,1
527346478,Yuliia,7
515846655,John,1
11443032,Heather,1
527668179,Erez,1
527950154,Isioma,1
528207994,Lorenzo,1
528219965,Shengjian,4
16021628,Kellye,1
522836737,Brian,1
10345613,Dana,1
2763879,Sarah,1
528700940,Rove Homes,1
41554295,Alfredo,1
104036361,Julie,1
879929,Dipan,1
529012129,Qiuping,2
78710538,Steven,1
476089434,Pat,1
400303240,Kassem,1
483243086,Roberto,1
425522201,Steven,9
529226301,Wladyslawa,1
440569022,Jessica,1
529276631,Georgie,1
45765142,Laura Lynn & Jon,1
159617453,Ömer,1
473593491,Colin,1
506649012,Legends Property Solutions,1
14184596,Kimia,1
380748818,Aaliyah,1
14268201,Calvin,1
188755494,Beth,1
529874825,Mae,1
481170999,Jorge,1
56907562,Shawna,1
246026382,Eaton,1
527879616,Cihan,5
520229678,Cynthia,1
46080480,Ewa,1
124776282,Jeff,1
501999278,RoomPicks,1
170745234,Ann,1
531180865,Cornell,1
531224894,Red Robin Rentals,1
517569152,Viceroy Chicago,6
531246796,Asiah,1
531254293,Aysin,2
110858295,Maggie,1
531536524,Andrew,1
408740232,Magnificent,1
383281375,Shelly,13
78707991,Kyra,1
259008682,Murat,1
173552681,Kate,1
329684290,Kiara,2
531855616,Sadot,1
531882574,Alexander,1
68913736,Nicole,1
48862328,Ron,1
481161866,Beata,1
267807504,Long,1
532118737,Parfait,1
524586291,Adnan,1
532164782,Tiamel,1
520880335,Jake,1
325620987,Olivia,1
532571501,Vincent,1
532743533,LuxLiving Chicago,1
512642958,Ashley,1
52012780,Nichole,1
533116573,Jason,1
48267362,Palore,1
444411007,Freddy,1
408215100,Venkatesh,1
533550346,Mutlu,2
17160709,Cindy,1
533873888,Auburney,1
441260321,World Class,2
143032080,Charlie,1
360666874,Sandra,2
143524918,Gabriella,1
434533579,Autymn,1
16399243,Wesley,1
82950654,Jummy,1
41094157,Trenner,1
6247532,Kerem,1
430882859,Rachel,1
447662042,Jd,1
12987577,Fredricka,1
333394504,Dream Homes,1
531889983,Martianna,1
17266955,Caitlin And Jimmy,3
17149622,Larisa,1
535470030,Janice,1
535521512,Ellen,1
530888814,Frederick,1
395141659,Sarah,1
415825853,Prosperity,4
97961430,Milagros,1
536514763,Jaylin,1
1664593,Matt & Christy,3
65395533,Jaime,1
1426804,Afri,1
4727270,Sheila,1
2611028,Rachel And Brian,1
21699747,Mallory,1
19538870,Jackie,1
13374424,RaeGina,4
4955989,Melissa,1
2209061,Michelle,2
4070322,Erik,1
48779380,Patrizia,1
40620214,German,1
342734,Kim,1
13893889,Alexandra & Meghan,8
4981421,Peter And Krista,1
96348432,Craig,1
19069769,Brad,1
76786280,Lilly,1
43402194,Mladen,1
42612418,Timothy,1
128938940,Barry,1
118275814,Marius,1
3301954,Ari,1
149092372,Flor And Abel,4
20559759,Sunny,1
31516954,Amara,1
83773615,Dennis,2
2277285,Monika,1
41084854,Nancy,5
137690443,Gracie,1
59794802,Lilian,5
180376979,Marie,2
25617404,Albano,1
73118105,Caitlin,1
51244140,Sweet Home Of Chicago,4
42392567,Debbie,1
299061132,Concierge,3
194773057,Troy,1
1413606,Michael,1
223413595,Tajudeena,1
228424638,Aziz,3
671864,Dan And Michele,1
6401608,Philip,4
148600,Minjae,1
45689072,Shari,1
119101416,Dana,1
5911294,William,16
163739390,Ralph,9
212229650,Gerald,6
260805765,Paul,6
260807399,John,6
8291303,John And Rachel,1
266565310,Mark,1
253889886,Rashad & Ray,8
263229425,Alexandre,6
380740,Terri & Moe,1
56939491,Sam,1
281192928,Moe,4
282211570,Sedo,1
293537385,Claudia,1
53602455,Kellye,1
150358398,Rhett,1
45097013,Donna,1
43798664,Alexandrina,1
178164173,Ben,1
39736459,Christian & Thu,1
29182775,Arviol,1
157306442,Sara,1
20246128,Ishmael,1
79507600,Dennis,4
352148357,Poliana,22
17739188,Lori,1
19333450,David,1
115986816,Jess,1
30814130,Kiran,1
1459320,Adam,1
20630370,Melissa,1
324740940,Andy,3
357463883,Allen,1
148461156,Ronald,11
380437001,Omar,1
388692828,Joseph,1
370318496,Albert,1
40601563,Whitnie,5
396509906,Alexa,4
60363757,Tj,1
78193299,Stevie,1
13161335,Lorraine,1
400968782,Yongze,39
346505303,Brent,1
34815339,Kerrie,1
405427920,Jon,1
191736422,Niloo & Damoon,2
10467657,Jay,1
30265018,Nichole,1
407354237,The Chicago Hotel,7
300100505,BriElle,1
412093405,Odette,1
403757590,Susan,1
382590084,Jae,2
420808843,Ariel,1
383187454,Kean,1
425385024,Zeni,12
426275673,Shatuan,1
429410420,Luap And Yval,39
113321,Benro,1
45364197,Makwena,1
427764987,Irene & Damoon,8
430560394,Dawn,1
429579910,Amisha,1
440419400,Merari,1
440807648,Alex,1
1229564,Briana,1
267490078,Elin,13
112033483,Mike,1
160876752,Nick,1
31172800,Imani,1
208918992,Derek,4
404250833,Patrick R,1
257909422,Princess,2
432337430,Frontdesk,8
444032562,Unlimited,1
66803960,Kelsey,1
31162816,Soraida,1
275175580,Dejaune,1
172675599,Dan,1
433501601,Marisa,1
168773165,Piriye,1
86185653,Nadine,1
52177307,Laura,1
40754466,Luis,1
304526849,Jazmin,1
434462119,Travel The States,43
558974,Ross,1
30370091,Misha,1
83168425,Selena,1
182657271,Leah,1
455863284,Ramon,1
411431142,Stacy,2
460133131,Het,1
300100681,Hernan,4
148863589,Alexus,6
457526253,Sabrina,2
462059699,Gregory,1
458612788,Ally,1
15488410,David,1
462988709,Baro Management,1
305656554,Silver,1
36700507,Andreas,1
464786239,Volorya,1
459740790,Edgar,1
81096266,Tony,1
411474099,Smart,2
20907273,Erin,1
466809217,Alexandra,3
466840158,Cindy,1
41631230,Claudia,1
14980748,Dan,1
198793444,Tiana,1
112966412,Nicoleta,1
160743770,Giovanni,1
45818863,Donisha,1
471055641,Jenise,1
19761979,Sunny,2
455984621,Zeshan,1
472227194,Heather,1
86916094,Magaly,1
106203317,Al,1
463200464,Malia,1
477715990,Uplux,1
186508329,Richard,2
462377464,Alaina,2
383780253,Joanna,2
44357087,Justine,1
59089720,Ryan,1
479270805,Jesus,1
479579343,Robert,1
444994291,Fadi,1
479644617,Mario,1
149714395,Tyrone,1
18978285,Samantha,4
483834016,Kcs,1
168645782,Phillip,1
37147233,Agnes,1
481796327,Eli,1
484879033,Lemaire,1
484957190,Kari,51
484389368,KDG Investments,1
25269289,Melody,1
484478416,Kadheim,1
485063892,Elaine,3
59304384,Terilee,1
131628408,Pam,20
68291104,Sakina,1
9488718,Greg,1
70009627,Andre And Melissa,1
382308875,Jorge,1
45118475,Andres,1
69255988,Derek,1
52546334,Stas,1
370282690,Dillon,3
373787131,Louie,1
11330259,Ieva,1
143199424,Jason,1
161757177,Dominique,1
53292317,Mary And Hunter,4
63653039,Brian,1
441178892,Rys,1
297860058,June Team,1
476971808,Thaddeus,1
244874834,Donisha,1
31619454,Jose,1
468900645,Dana,1
487116619,Marine,1
52827024,Yakir,1
48186690,Kavia,1
407010421,Iyanla,1
449750923,Danielle,1
489678213,Megan,1
59721414,Tiffany,1
490950442,Oguzhan,1
316658141,Anastasia,1
